Clone,Plasmid,Barcode,Run,Treatment,Day,TCD,dTCD,VCD,dVCD,DCD,dDCD,Via,dVia,LDiam,DDiam
AB1,"Bak-,Bax-",-6068,1st,15ug/mL Puromycin,0,2.53,0.1,2.5,0.1,0.033,0.008,0.987,0.003,16.34,11.2
AB1,"Bak-,Bax-",-6068,2nd,15ug/mL Puromycin,0,2.54,0.18,2.5,0.16,0.036,0.015,0.985,0.005,15.62,9.89
AB1,"Bak-,Bax-",-6068,1st,20mM Sodium Butyrate,0,2.53,0.1,2.5,0.1,0.033,0.008,0.987,0.003,16.34,11.2
AB1,"Bak-,Bax-",-6068,2nd,20mM Sodium Butyrate,0,2.54,0.18,2.5,0.16,0.036,0.015,0.985,0.005,15.62,9.89
AB1,"Bak-,Bax-",-6068,2nd,7.5uM Tunicamycin,0,2.53,0.25,2.5,0.25,0.031,0.004,0.988,0.012,14.83,12.21
AB1,"Bak-,Bax-",-6068,2nd,7.5um Brefeldin A,0,2.52,0.26,2.5,0.26,0.016,0.002,0.994,0.009,15.11,17.57
AB1,"Bak-,Bax-",-6068,1st,7.5um Brefeldin A,0,2.51,0.25,2.5,0.25,0.015,0.002,0.994,0.008,15.09,11.77
AB1,"Bak-,Bax-",-6068,1st,7.5uM Tunicamycin,0,2.53,0.25,2.5,0.25,0.026,0.003,0.99,0.01,14.94,14.73
AB2,"Bak-,Bax-",-6145,1st,15ug/mL Puromycin,0,2.54,0.15,2.5,0.14,0.042,0.019,0.984,0.006,15.8,10.04
AB2,"Bak-,Bax-",-6145,2nd,15ug/mL Puromycin,0,2.53,0.14,2.5,0.14,0.03,0.011,0.989,0.004,15.5,12.72
AB2,"Bak-,Bax-",-6145,1st,20mM Sodium Butyrate,0,2.54,0.15,2.5,0.14,0.042,0.019,0.984,0.006,15.8,10.04
AB2,"Bak-,Bax-",-6145,2nd,20mM Sodium Butyrate,0,2.53,0.14,2.5,0.14,0.03,0.011,0.989,0.004,15.5,12.72
AB2,"Bak-,Bax-",-6145,2nd,7.5uM Tunicamycin,0,2.52,0.26,2.5,0.27,0.023,0.003,0.991,0.012,15.53,13.41
AB2,"Bak-,Bax-",-6145,1st,7.5um Brefeldin A,0,2.52,0.28,2.5,0.28,0.014,0.002,0.995,0.008,15.49,13.33
AB2,"Bak-,Bax-",-6145,1st,7.5uM Tunicamycin,0,2.54,0.27,2.5,0.27,0.036,0.004,0.986,0.013,15.51,11.78
AB2,"Bak-,Bax-",-6145,2nd,7.5um Brefeldin A,0,2.51,0.26,2.5,0.26,0.011,0.001,0.996,0.006,15.41,14.25
ABC1,"Bak-,Bax-,Bok-",-6077,1st,15ug/mL Puromycin,0,2.52,0.05,2.5,0.05,0.02,0.009,0.992,0.003,15.57,9.81
ABC1,"Bak-,Bax-,Bok-",-6077,2nd,15ug/mL Puromycin,0,2.54,0.18,2.5,0.18,0.04,0.014,0.984,0.006,15.28,11.62
ABC1,"Bak-,Bax-,Bok-",-6077,1st,20mM Sodium Butyrate,0,2.52,0.05,2.5,0.05,0.02,0.009,0.992,0.003,15.57,9.81
ABC1,"Bak-,Bax-,Bok-",-6077,2nd,20mM Sodium Butyrate,0,2.54,0.18,2.5,0.18,0.04,0.014,0.984,0.006,15.28,11.62
ABC1,"Bak-,Bax-,Bok-",-6077,2nd,7.5um Brefeldin A,0,2.52,0.25,2.5,0.25,0.018,0.002,0.993,0.009,15.2,11.57
ABC1,"Bak-,Bax-,Bok-",-6077,2nd,7.5uM Tunicamycin,0,2.52,0.27,2.5,0.27,0.018,0.002,0.993,0.009,14.88,15.3
ABC1,"Bak-,Bax-,Bok-",-6077,1st,7.5uM Tunicamycin,0,2.52,0.28,2.5,0.27,0.025,0.003,0.99,0.011,14.76,11.33
ABC1,"Bak-,Bax-,Bok-",-6077,1st,7.5um Brefeldin A,0,2.51,0.25,2.5,0.25,0.013,0.001,0.995,0.008,14.99,15.37
ABC2,"Bak-,Bax-,Bok-",-6101,1st,15ug/mL Puromycin,0,2.53,0.2,2.5,0.21,0.031,0.01,0.989,0.006,16.38,11.79
ABC2,"Bak-,Bax-,Bok-",-6101,2nd,15ug/mL Puromycin,0,2.55,0.06,2.5,0.05,0.05,0.019,0.98,0.007,16.3,11.73
ABC2,"Bak-,Bax-,Bok-",-6101,1st,20mM Sodium Butyrate,0,2.53,0.2,2.5,0.21,0.031,0.01,0.989,0.006,16.38,11.79
ABC2,"Bak-,Bax-,Bok-",-6101,2nd,20mM Sodium Butyrate,0,2.55,0.06,2.5,0.05,0.05,0.019,0.98,0.007,16.3,11.73
ABC2,"Bak-,Bax-,Bok-",-6101,2nd,7.5uM Tunicamycin,0,2.52,0.29,2.5,0.29,0.019,0.002,0.993,0.009,15.52,11.33
ABC2,"Bak-,Bax-,Bok-",-6101,1st,7.5uM Tunicamycin,0,2.52,0.28,2.5,0.28,0.017,0.002,0.993,0.014,15.62,17.43
ABC2,"Bak-,Bax-,Bok-",-6101,1st,7.5um Brefeldin A,0,2.51,0.26,2.5,0.26,0.013,0.001,0.995,0.008,15.38,11.95
ABC2,"Bak-,Bax-,Bok-",-6101,2nd,7.5um Brefeldin A,0,2.51,0.24,2.5,0.24,0.01,0.001,0.996,0.007,15.47,4.37
ABC3,"Bak-,Bax-,Bok-",-6128,1st,15ug/mL Puromycin,0,2.51,0.18,2.5,0.18,0.009,0.004,0.996,0.003,15.06,12.62
ABC3,"Bak-,Bax-,Bok-",-6128,2nd,15ug/mL Puromycin,0,2.54,0.12,2.5,0.12,0.038,0.005,0.985,0.002,14.92,12.08
ABC3,"Bak-,Bax-,Bok-",-6128,1st,20mM Sodium Butyrate,0,2.51,0.18,2.5,0.18,0.009,0.004,0.996,0.003,15.06,12.62
ABC3,"Bak-,Bax-,Bok-",-6128,2nd,20mM Sodium Butyrate,0,2.54,0.12,2.5,0.12,0.038,0.005,0.985,0.002,14.92,12.08
ABC3,"Bak-,Bax-,Bok-",-6128,2nd,7.5uM Tunicamycin,0,2.52,0.27,2.5,0.27,0.028,0.003,0.989,0.013,14.94,11.44
ABC3,"Bak-,Bax-,Bok-",-6128,1st,7.5um Brefeldin A,0,2.53,0.28,2.5,0.28,0.028,0.003,0.989,0.01,14.94,13.23
ABC3,"Bak-,Bax-,Bok-",-6128,1st,7.5uM Tunicamycin,0,2.52,0.29,2.5,0.28,0.021,0.003,0.992,0.009,14.9,14.27
ABC3,"Bak-,Bax-,Bok-",-6128,2nd,7.5um Brefeldin A,0,2.53,0.23,2.5,0.23,0.025,0.003,0.99,0.011,15.03,13.95
AC1,"Bak-,Bok-",-6075,1st,15ug/mL Puromycin,0,2.52,0.07,2.5,0.07,0.077,0.098,0.991,0.002,15.14,9.44
AC1,"Bak-,Bok-",-6075,2nd,15ug/mL Puromycin,0,2.52,0.08,2.5,0.08,0.021,0.009,0.991,0.003,15.2,11.05
AC1,"Bak-,Bok-",-6075,1st,20mM Sodium Butyrate,0,2.52,0.07,2.5,0.07,0.077,0.098,0.991,0.002,15.14,9.44
AC1,"Bak-,Bok-",-6075,2nd,20mM Sodium Butyrate,0,2.52,0.08,2.5,0.08,0.021,0.009,0.991,0.003,15.2,11.05
AC2,"Bak-,Bok-",-6076,1st,15ug/mL Puromycin,0,2.52,0.13,2.5,0.13,0.019,0.007,0.993,0.003,15.85,11.47
AC2,"Bak-,Bok-",-6076,2nd,15ug/mL Puromycin,0,2.55,0.08,2.5,0.09,0.05,0.014,0.981,0.006,14.84,11.48
AC2,"Bak-,Bok-",-6076,1st,20mM Sodium Butyrate,0,2.52,0.13,2.5,0.13,0.019,0.007,0.993,0.003,15.85,11.47
AC2,"Bak-,Bok-",-6076,2nd,20mM Sodium Butyrate,0,2.55,0.08,2.5,0.09,0.05,0.014,0.981,0.006,14.84,11.48
AC3,"Bak-,Bok-",-6080,1st,15ug/mL Puromycin,0,2.41,0.27,2.39,0.27,0.019,0.02,0.992,0.007,16.54,10.77
AC3,"Bak-,Bok-",-6080,1st,20mM Sodium Butyrate,0,2.41,0.27,2.39,0.27,0.019,0.02,0.992,0.007,16.54,10.77
AC3,"Bak-,Bok-",-6080,2nd,15ug/mL Puromycin,0,2.54,0.18,2.5,0.18,0.035,0.012,0.986,0.005,15.59,11.85
AC3,"Bak-,Bok-",-6080,2nd,20mM Sodium Butyrate,0,2.54,0.18,2.5,0.18,0.035,0.012,0.986,0.005,15.59,11.85
BC1,"Bax-,Bok-",-6083,1st,15ug/mL Puromycin,0,2.52,0.2,2.5,0.21,0.018,0.008,0.993,0.004,15.23,11
BC1,"Bax-,Bok-",-6083,2nd,15ug/mL Puromycin,0,2.53,0.01,2.5,0.01,0.035,0.002,0.987,0.001,14.73,10.62
BC1,"Bax-,Bok-",-6083,1st,20mM Sodium Butyrate,0,2.52,0.2,2.5,0.21,0.018,0.008,0.993,0.004,15.23,11
BC1,"Bax-,Bok-",-6083,2nd,20mM Sodium Butyrate,0,2.53,0.01,2.5,0.01,0.035,0.002,0.987,0.001,14.73,10.62
BC2,"Bax-,Bok-",-6105,1st,15ug/mL Puromycin,0,2.53,0.09,2.5,0.1,0.03,0.011,0.989,0.006,16.33,12.92
BC2,"Bax-,Bok-",-6105,2nd,15ug/mL Puromycin,0,2.54,0.13,2.5,0.15,0.04,0.02,0.984,0.009,15.54,11.36
BC2,"Bax-,Bok-",-6105,1st,20mM Sodium Butyrate,0,2.53,0.09,2.5,0.1,0.03,0.011,0.989,0.006,16.33,12.92
BC2,"Bax-,Bok-",-6105,2nd,20mM Sodium Butyrate,0,2.54,0.13,2.5,0.15,0.04,0.02,0.984,0.009,15.54,11.36
BC3,"Bax-,Bok-",-6212,1st,15ug/mL Puromycin,0,2.53,0.11,2.5,0.11,0.029,0.014,0.989,0.005,15.69,11.23
BC3,"Bax-,Bok-",-6212,2nd,15ug/mL Puromycin,0,2.56,0.05,2.5,0.04,0.064,0.009,0.975,0.003,14.87,12.07
BC3,"Bax-,Bok-",-6212,1st,20mM Sodium Butyrate,0,2.53,0.11,2.5,0.11,0.029,0.014,0.989,0.005,15.69,11.23
BC3,"Bax-,Bok-",-6212,2nd,20mM Sodium Butyrate,0,2.56,0.05,2.5,0.04,0.064,0.009,0.975,0.003,14.87,12.07
X1,Empty,-5703,1st,15ug/mL Puromycin,0,2.52,0.12,2.5,0.11,0.018,0.011,0.993,0.003,15.8,9.8
X1,Empty,-5703,2nd,15ug/mL Puromycin,0,2.55,0.17,2.5,0.17,0.053,0.007,0.979,0.002,15.47,11.74
X1,Empty,-5703,1st,20mM Sodium Butyrate,0,2.52,0.12,2.5,0.11,0.018,0.011,0.993,0.003,15.8,9.8
X1,Empty,-5703,2nd,20mM Sodium Butyrate,0,2.55,0.17,2.5,0.17,0.053,0.007,0.979,0.002,15.47,11.74
X1,Empty,-5703,2nd,7.5uM Tunicamycin,0,2.53,0.31,2.5,0.31,0.024,0.003,0.991,0.013,15.1,14.99
X1,Empty,-5703,2nd,7.5um Brefeldin A,0,2.53,0.3,2.5,0.3,0.021,0.003,0.992,0.012,15.22,15.62
X1,Empty,-5703,1st,7.5um Brefeldin A,0,2.51,0.3,2.5,0.3,0.012,0.002,0.995,0.008,15.1,16.64
X1,Empty,-5703,1st,7.5uM Tunicamycin,0,2.52,0.27,2.5,0.27,0.019,0.002,0.992,0.008,15.07,15.3
X2,Empty,-6161,1st,15ug/mL Puromycin,0,2.55,0.19,2.5,0.18,0.046,0.035,0.982,0.013,15.33,11.08
X2,Empty,-6161,2nd,15ug/mL Puromycin,0,2.55,0.2,2.5,0.21,0.055,0.008,0.979,0.004,14.68,11.47
X2,Empty,-6161,1st,20mM Sodium Butyrate,0,2.55,0.19,2.5,0.18,0.046,0.035,0.982,0.013,15.33,11.08
X2,Empty,-6161,2nd,20mM Sodium Butyrate,0,2.55,0.2,2.5,0.21,0.055,0.008,0.979,0.004,14.68,11.47
X2,Empty,-6161,2nd,7.5uM Tunicamycin,0,2.52,0.28,2.5,0.28,0.021,0.003,0.992,0.01,14.63,13.44
X2,Empty,-6161,1st,7.5um Brefeldin A,0,2.51,0.25,2.5,0.25,0.012,0.001,0.995,0.008,15,4.14
X2,Empty,-6161,1st,7.5uM Tunicamycin,0,2.52,0.25,2.5,0.25,0.016,0.002,0.994,0.008,14.77,14.33
X2,Empty,-6161,2nd,7.5um Brefeldin A,0,2.53,0.25,2.5,0.25,0.028,0.003,0.989,0.009,14.83,14.29
X3,Empty,-6251,1st,15ug/mL Puromycin,0,2.53,0.15,2.5,0.15,0.03,0.004,0.988,0.002,15.65,11.46
X3,Empty,-6251,2nd,15ug/mL Puromycin,0,2.55,0.06,2.5,0.07,0.051,0.012,0.98,0.006,15.66,12.31
X3,Empty,-6251,1st,20mM Sodium Butyrate,0,2.53,0.15,2.5,0.15,0.03,0.004,0.988,0.002,15.65,11.46
X3,Empty,-6251,2nd,20mM Sodium Butyrate,0,2.55,0.06,2.5,0.07,0.051,0.012,0.98,0.006,15.66,12.31
X3,Empty,-6251,2nd,7.5uM Tunicamycin,0,2.54,0.31,2.5,0.3,0.039,0.005,0.985,0.017,15.23,14.48
X3,Empty,-6251,1st,7.5um Brefeldin A,0,2.51,0.23,2.5,0.22,0.014,0.001,0.995,0.007,14.87,13.63
X3,Empty,-6251,1st,7.5uM Tunicamycin,0,2.52,0.24,2.5,0.24,0.02,0.002,0.992,0.009,15.03,11.91
X3,Empty,-6251,2nd,7.5um Brefeldin A,0,2.52,0.23,2.5,0.23,0.017,0.002,0.993,0.007,15.02,14.63
O,None,Parental,1st,15ug/mL Puromycin,0,2.53,0.13,2.5,0.12,0.023,0.008,0.99,0.002,16.34,10.5
O,None,Parental,2nd,15ug/mL Puromycin,0,2.53,0.06,2.5,0.06,0.031,0.008,0.987,0.003,15.95,12.79
O,None,Parental,1st,20mM Sodium Butyrate,0,2.53,0.13,2.5,0.12,0.023,0.008,0.99,0.002,16.34,10.5
O,None,Parental,2nd,20mM Sodium Butyrate,0,2.53,0.06,2.5,0.06,0.031,0.008,0.987,0.003,15.95,12.79
O,None,Parental,1st,7.5uM Tunicamycin,0,2.53,0.29,2.5,0.28,0.028,0.003,0.989,0.012,14.96,12.29
O,None,Parental,1st,7.5um Brefeldin A,0,2.51,0.3,2.5,0.3,0.019,0.002,0.993,0.009,15.13,8.95
O,None,Parental,2nd,7.5uM Tunicamycin,0,2.52,0.29,2.5,0.29,0.019,0.002,0.992,0.009,14.89,10.98
O,None,Parental,2nd,7.5um Brefeldin A,0,2.54,0.23,2.5,0.22,0.04,0.004,0.984,0.008,15.28,12.87
AB3,"Bak-,Bax-",-6134,1st,15ug/mL Puromycin,0,2.52,0.17,2.5,0.17,0.02,0.002,0.991,0.001,16.85,15.14
AB3,"Bak-,Bax-",-6134,2nd,15ug/mL Puromycin,0,2.53,0.08,2.5,0.07,0.033,0.006,0.987,0.003,16.65,11.15
AB3,"Bak-,Bax-",-6134,1st,20mM Sodium Butyrate,0,2.52,0.17,2.5,0.17,0.02,0.002,0.991,0.001,16.85,15.14
AB3,"Bak-,Bax-",-6134,2nd,20mM Sodium Butyrate,0,2.53,0.08,2.5,0.07,0.033,0.006,0.987,0.003,16.65,11.15
AB3,"Bak-,Bax-",-6134,2nd,7.5uM Tunicamycin,0,2.52,0.31,2.5,0.3,0.012,0.002,0.995,0.008,15.22,16.37
AB3,"Bak-,Bax-",-6134,1st,7.5uM Tunicamycin,0,2.51,0.29,2.5,0.29,0.011,0.001,0.996,0.008,15.37,18.95
AB3,"Bak-,Bax-",-6134,1st,7.5um Brefeldin A,0,2.51,0.28,2.5,0.28,0.011,0.001,0.996,0.006,15.26,5.67
AB3,"Bak-,Bax-",-6134,2nd,7.5um Brefeldin A,0,2.51,0.23,2.5,0.23,0.016,0.002,0.994,0.008,15.41,9.08
C1,Bok-,-5740,1st,15ug/mL Puromycin,0,2.52,0.25,2.5,0.24,0.026,0.008,0.99,0.002,15.8,11.6
C1,Bok-,-5740,2nd,15ug/mL Puromycin,0,2.53,0.26,2.5,0.25,0.025,0.01,0.99,0.004,16.37,10.26
C1,Bok-,-5740,1st,20mM Sodium Butyrate,0,2.52,0.25,2.5,0.24,0.026,0.008,0.99,0.002,15.8,11.6
C1,Bok-,-5740,2nd,20mM Sodium Butyrate,0,2.53,0.26,2.5,0.25,0.025,0.01,0.99,0.004,16.37,10.26
C1,Bok-,-5740,1st,7.5uM Tunicamycin,0,2.52,0.27,2.5,0.27,0.021,0.002,0.992,0.01,14.85,14.96
C1,Bok-,-5740,1st,7.5um Brefeldin A,0,2.52,0.29,2.5,0.29,0.016,0.002,0.994,0.008,15.19,12.81
C1,Bok-,-5740,2nd,7.5uM Tunicamycin,0,2.51,0.32,2.5,0.32,0.014,0.002,0.994,0.008,14.87,13.13
C1,Bok-,-5740,2nd,7.5um Brefeldin A,0,2.52,0.25,2.5,0.25,0.021,0.002,0.992,0.008,15.2,11.4
C2,Bok-,-6065,1st,15ug/mL Puromycin,0,2.51,0.35,2.5,0.34,0.008,0.006,0.997,0.002,16.52,8.78
C2,Bok-,-6065,2nd,15ug/mL Puromycin,0,2.53,0.12,2.5,0.13,0.032,0.023,0.989,0.009,16.78,14.26
C2,Bok-,-6065,1st,20mM Sodium Butyrate,0,2.51,0.35,2.5,0.34,0.008,0.006,0.997,0.002,16.52,8.78
C2,Bok-,-6065,2nd,20mM Sodium Butyrate,0,2.53,0.12,2.5,0.13,0.032,0.023,0.989,0.009,16.78,14.26
C2,Bok-,-6065,1st,7.5um Brefeldin A,0,2.52,0.3,2.5,0.31,0.015,0.002,0.994,0.01,15.37,13.69
C2,Bok-,-6065,1st,7.5uM Tunicamycin,0,2.53,0.32,2.5,0.32,0.027,0.004,0.989,0.013,15.24,13.09
C2,Bok-,-6065,2nd,7.5uM Tunicamycin,0,2.51,0.27,2.5,0.27,0.015,0.002,0.994,0.008,15,4.81
C2,Bok-,-6065,2nd,7.5um Brefeldin A,0,2.54,0.25,2.5,0.25,0.036,0.004,0.986,0.013,15.46,12.7
C3,Bok-,-6311,1st,15ug/mL Puromycin,0,2.51,0.16,2.5,0.16,0.015,0.005,0.994,0.003,15.91,14.36
C3,Bok-,-6311,2nd,15ug/mL Puromycin,0,2.53,0.22,2.5,0.21,0.03,0.021,0.988,0.007,15.98,12.2
C3,Bok-,-6311,1st,20mM Sodium Butyrate,0,2.51,0.16,2.5,0.16,0.015,0.005,0.994,0.003,15.91,14.36
C3,Bok-,-6311,2nd,20mM Sodium Butyrate,0,2.53,0.22,2.5,0.21,0.03,0.021,0.988,0.007,15.98,12.2
C3,Bok-,-6311,1st,7.5uM Tunicamycin,0,2.52,0.34,2.5,0.34,0.017,0.002,0.993,0.009,14.84,11.75
C3,Bok-,-6311,1st,7.5um Brefeldin A,0,2.51,0.29,2.5,0.29,0.013,0.002,0.995,0.008,15.25,8.27
C3,Bok-,-6311,2nd,7.5uM Tunicamycin,0,2.52,0.24,2.5,0.24,0.022,0.002,0.991,0.009,14.73,9.94
C3,Bok-,-6311,2nd,7.5um Brefeldin A,0,2.52,0.2,2.5,0.2,0.02,0.002,0.992,0.008,15.03,14.52
A1,Bak-,-5994,1st,15ug/mL Puromycin,0,2.55,0.12,2.5,0.11,0.043,0.015,0.982,0.007,15.08,12.13
A1,Bak-,-5994,2nd,15ug/mL Puromycin,0,2.54,0.3,2.5,0.31,0.044,0.015,0.983,0.008,15.52,10.69
A1,Bak-,-5994,1st,20mM Sodium Butyrate,0,2.55,0.12,2.5,0.11,0.043,0.015,0.982,0.007,15.08,12.13
A1,Bak-,-5994,2nd,20mM Sodium Butyrate,0,2.54,0.3,2.5,0.31,0.044,0.015,0.983,0.008,15.52,10.69
A2,Bak-,-6263,1st,15ug/mL Puromycin,0,2.59,0.21,2.5,0.19,0.086,0.023,0.967,0.007,16.41,12.05
A2,Bak-,-6263,2nd,15ug/mL Puromycin,0,2.58,0.19,2.5,0.2,0.082,0.007,0.968,0.004,15.83,10.82
A2,Bak-,-6263,1st,20mM Sodium Butyrate,0,2.59,0.21,2.5,0.19,0.086,0.023,0.967,0.007,16.41,12.05
A2,Bak-,-6263,2nd,20mM Sodium Butyrate,0,2.58,0.19,2.5,0.2,0.082,0.007,0.968,0.004,15.83,10.82
A3,Bak-,-6303,1st,15ug/mL Puromycin,0,2.55,0.06,2.5,0.05,0.052,0.006,0.979,0.001,16.48,11.73
A3,Bak-,-6303,2nd,15ug/mL Puromycin,0,2.56,0.2,2.5,0.19,0.063,0.03,0.975,0.009,17.05,11.07
A3,Bak-,-6303,1st,20mM Sodium Butyrate,0,2.55,0.06,2.5,0.05,0.052,0.006,0.979,0.001,16.48,11.73
A3,Bak-,-6303,2nd,20mM Sodium Butyrate,0,2.56,0.2,2.5,0.19,0.063,0.03,0.975,0.009,17.05,11.07
B1,Bax-,-6109,1st,15ug/mL Puromycin,0,2.52,0.16,2.5,0.16,0.021,0.008,0.991,0.003,15.8,9.79
B1,Bax-,-6109,2nd,15ug/mL Puromycin,0,2.52,0.15,2.5,0.15,0.009,0.009,0.994,0.004,16.23,13.29
B1,Bax-,-6109,1st,20mM Sodium Butyrate,0,2.52,0.16,2.5,0.16,0.021,0.008,0.991,0.003,15.8,9.79
B1,Bax-,-6109,2nd,20mM Sodium Butyrate,0,2.52,0.15,2.5,0.15,0.009,0.009,0.994,0.004,16.23,13.29
B2,Bax-,-6154,1st,15ug/mL Puromycin,0,2.52,0.24,2.5,0.24,0.023,0.006,0.991,0.001,15.69,11.4
B2,Bax-,-6154,2nd,15ug/mL Puromycin,0,2.51,0.14,2.5,0.14,0.013,0.002,0.995,0,15.83,12.36
B2,Bax-,-6154,1st,20mM Sodium Butyrate,0,2.52,0.24,2.5,0.24,0.023,0.006,0.991,0.001,15.69,11.4
B2,Bax-,-6154,2nd,20mM Sodium Butyrate,0,2.51,0.14,2.5,0.14,0.013,0.002,0.995,0,15.83,12.36
B3,Bax-,-6166,1st,15ug/mL Puromycin,0,2.54,0.19,2.5,0.19,0.038,0.003,0.985,0.002,15.95,11.93
B3,Bax-,-6166,2nd,15ug/mL Puromycin,0,2.54,0.09,2.5,0.1,0.043,0.014,0.983,0.006,15.89,11.54
B3,Bax-,-6166,1st,20mM Sodium Butyrate,0,2.54,0.19,2.5,0.19,0.038,0.003,0.985,0.002,15.95,11.93
B3,Bax-,-6166,2nd,20mM Sodium Butyrate,0,2.54,0.09,2.5,0.1,0.043,0.014,0.983,0.006,15.89,11.54
C4,Bok-,-6250,1st,15ug/mL Puromycin,0,2.53,0.22,2.5,0.2,0.03,0.019,0.987,0.007,15.48,9.79
C4,Bok-,-6250,2nd,15ug/mL Puromycin,0,2.53,0.15,2.5,0.15,0.028,0.004,0.989,0.003,15.1,11.26
C4,Bok-,-6250,1st,20mM Sodium Butyrate,0,2.53,0.22,2.5,0.2,0.03,0.019,0.987,0.007,15.48,9.79
C4,Bok-,-6250,2nd,20mM Sodium Butyrate,0,2.53,0.15,2.5,0.15,0.028,0.004,0.989,0.003,15.1,11.26
AB1,"Bak-,Bax-",-6068,2nd,20mM Sodium Butyrate,1,3.23,0.26,3.2,0.24,0.023,0.016,0.985,0.004,16.24,10.75
AB1,"Bak-,Bax-",-6068,1st,7.5um Brefeldin A,1,3.37,0.42,3.35,0.42,0.023,0.003,0.993,0.008,14.06,10.64
AB1,"Bak-,Bax-",-6068,2nd,15ug/mL Puromycin,1,3.38,0.21,3.38,0.21,0.004,0.007,0.999,0.002,16.02,10
AB1,"Bak-,Bax-",-6068,1st,15ug/mL Puromycin,1,3.39,0.4,3.38,0.41,0.016,0.017,0.996,0.006,15.74,11.82
AB1,"Bak-,Bax-",-6068,2nd,7.5uM Tunicamycin,1,3.5,0.39,3.44,0.37,0.062,0.008,0.982,0.016,14.45,12.23
AB1,"Bak-,Bax-",-6068,1st,7.5uM Tunicamycin,1,3.71,0.35,3.66,0.34,0.055,0.006,0.985,0.022,14.32,11.01
AB1,"Bak-,Bax-",-6068,1st,20mM Sodium Butyrate,1,3.74,0.17,3.72,0.15,0.02,0.018,0.987,0.004,15.48,8.8
AB1,"Bak-,Bax-",-6068,2nd,7.5um Brefeldin A,1,3.92,0.36,3.88,0.36,0.036,0.004,0.991,0.01,14.21,14.52
AB2,"Bak-,Bax-",-6145,1st,7.5um Brefeldin A,1,3.17,0.33,3.13,0.33,0.045,0.005,0.986,0.014,14.65,11.53
AB2,"Bak-,Bax-",-6145,2nd,7.5um Brefeldin A,1,3.19,0.35,3.16,0.35,0.033,0.004,0.99,0.011,14.66,12.54
AB2,"Bak-,Bax-",-6145,2nd,7.5uM Tunicamycin,1,3.24,0.35,3.2,0.34,0.031,0.004,0.991,0.012,14.98,16.31
AB2,"Bak-,Bax-",-6145,1st,20mM Sodium Butyrate,1,3.27,0.19,3.26,0.19,0.01,0.003,0.984,0,17.08,10.8
AB2,"Bak-,Bax-",-6145,2nd,15ug/mL Puromycin,1,3.29,0.04,3.27,0.03,0.018,0.01,0.996,0.003,16.17,12.11
AB2,"Bak-,Bax-",-6145,1st,15ug/mL Puromycin,1,3.4,0.09,3.34,0.04,0.023,0.006,0.982,0.017,16.59,11.42
AB2,"Bak-,Bax-",-6145,1st,7.5uM Tunicamycin,1,3.42,0.38,3.38,0.38,0.041,0.005,0.988,0.014,15.08,12.92
AB2,"Bak-,Bax-",-6145,2nd,20mM Sodium Butyrate,1,3.59,0.27,3.57,0.26,0.016,0.009,0.989,0.003,16.36,11.5
ABC1,"Bak-,Bax-,Bok-",-6077,1st,7.5um Brefeldin A,1,3.12,0.38,3.1,0.38,0.019,0.002,0.994,0.008,14.2,15.17
ABC1,"Bak-,Bax-,Bok-",-6077,2nd,20mM Sodium Butyrate,1,3.21,0.09,3.19,0.09,0.02,0.009,0.984,0.003,15.07,8.7
ABC1,"Bak-,Bax-,Bok-",-6077,2nd,15ug/mL Puromycin,1,3.23,0.07,3.2,0.08,0.018,0.01,0.993,0.004,15.05,10.67
ABC1,"Bak-,Bax-,Bok-",-6077,1st,15ug/mL Puromycin,1,3.23,0.58,3.21,0.58,0.013,0.01,0.995,0.004,15.18,11.56
ABC1,"Bak-,Bax-,Bok-",-6077,2nd,7.5uM Tunicamycin,1,3.43,0.37,3.4,0.37,0.028,0.003,0.992,0.011,14.55,13.24
ABC1,"Bak-,Bax-,Bok-",-6077,1st,20mM Sodium Butyrate,1,3.67,0.22,3.66,0.22,0.01,0.009,0.992,0.002,15.99,12.8
ABC1,"Bak-,Bax-,Bok-",-6077,1st,7.5uM Tunicamycin,1,3.8,0.38,3.75,0.37,0.05,0.005,0.987,0.011,14.42,12.19
ABC1,"Bak-,Bax-,Bok-",-6077,2nd,7.5um Brefeldin A,1,3.87,0.34,3.85,0.34,0.027,0.003,0.993,0.009,14.3,9.26
ABC2,"Bak-,Bax-,Bok-",-6101,1st,15ug/mL Puromycin,1,3.12,0.12,3.1,0.11,0.02,0.007,0.994,0.003,17.3,9.7
ABC2,"Bak-,Bax-,Bok-",-6101,2nd,15ug/mL Puromycin,1,3.13,0.06,3.11,0.06,0.02,0.003,0.994,0,16.36,13.3
ABC2,"Bak-,Bax-,Bok-",-6101,1st,20mM Sodium Butyrate,1,3.13,0.18,3.13,0.18,0,0,0.989,0,18.01,#DIV/0!
ABC2,"Bak-,Bax-,Bok-",-6101,2nd,7.5um Brefeldin A,1,3.29,0.35,3.27,0.35,0.023,0.003,0.993,0.01,14.64,12.9
ABC2,"Bak-,Bax-,Bok-",-6101,1st,7.5um Brefeldin A,1,3.32,0.36,3.29,0.36,0.034,0.004,0.99,0.01,14.37,10.77
ABC2,"Bak-,Bax-,Bok-",-6101,2nd,7.5uM Tunicamycin,1,3.41,0.34,3.37,0.34,0.034,0.004,0.99,0.01,14.96,15.39
ABC2,"Bak-,Bax-,Bok-",-6101,1st,7.5uM Tunicamycin,1,3.46,0.34,3.42,0.34,0.039,0.004,0.989,0.012,15.04,12.73
ABC2,"Bak-,Bax-,Bok-",-6101,2nd,20mM Sodium Butyrate,1,3.59,0.11,3.55,0.1,0.037,0.012,0.98,0.004,15.97,11.53
ABC3,"Bak-,Bax-,Bok-",-6128,1st,15ug/mL Puromycin,1,2.93,0.06,2.91,0.06,0.031,0.024,0.994,0.002,15.48,13.25
ABC3,"Bak-,Bax-,Bok-",-6128,2nd,15ug/mL Puromycin,1,3.08,0.19,3.06,0.2,0.014,0.009,0.996,0.002,15.41,10.15
ABC3,"Bak-,Bax-,Bok-",-6128,1st,20mM Sodium Butyrate,1,3.15,0.2,3.13,0.21,0.014,0.019,0.996,0.005,16.03,11.29
ABC3,"Bak-,Bax-,Bok-",-6128,2nd,20mM Sodium Butyrate,1,3.19,0.21,3.17,0.22,0.014,0.009,0.985,0.004,15.83,13.58
ABC3,"Bak-,Bax-,Bok-",-6128,1st,7.5um Brefeldin A,1,3.4,0.4,3.37,0.4,0.028,0.004,0.992,0.01,13.97,12.75
ABC3,"Bak-,Bax-,Bok-",-6128,1st,7.5uM Tunicamycin,1,3.57,0.36,3.54,0.36,0.032,0.004,0.991,0.01,14.8,11.73
ABC3,"Bak-,Bax-,Bok-",-6128,2nd,7.5uM Tunicamycin,1,3.66,0.41,3.61,0.4,0.044,0.005,0.988,0.011,14.65,14.06
ABC3,"Bak-,Bax-,Bok-",-6128,2nd,7.5um Brefeldin A,1,3.85,0.38,3.81,0.37,0.049,0.005,0.987,0.013,14.03,9.98
AC1,"Bak-,Bok-",-6075,1st,15ug/mL Puromycin,1,2.99,0.06,2.97,0.06,0.023,0.006,0.993,0.003,15.79,9.92
AC1,"Bak-,Bok-",-6075,1st,20mM Sodium Butyrate,1,3.05,0.24,3.03,0.23,0.016,0.007,0.991,0.003,15.51,11.5
AC1,"Bak-,Bok-",-6075,2nd,20mM Sodium Butyrate,1,3.2,0.07,3.17,0.07,0.037,0.014,0.991,0.004,15.61,9.37
AC1,"Bak-,Bok-",-6075,2nd,15ug/mL Puromycin,1,3.29,0.16,3.27,0.17,0.016,0.009,0.995,0.002,15.39,13.5
AC2,"Bak-,Bok-",-6076,1st,20mM Sodium Butyrate,1,3.07,0.12,3.02,0.1,0.047,0.006,0.993,0.003,15.82,10.79
AC2,"Bak-,Bok-",-6076,2nd,20mM Sodium Butyrate,1,3.08,0.13,3.04,0.12,0.037,0.021,0.981,0.006,15.1,9.42
AC2,"Bak-,Bok-",-6076,1st,15ug/mL Puromycin,1,3.12,0.09,3.09,0.08,0.035,0.006,0.989,0.002,16.2,10.56
AC2,"Bak-,Bok-",-6076,2nd,15ug/mL Puromycin,1,3.18,0.04,3.16,0.04,0.018,0.016,0.995,0.004,15.9,11.56
AC3,"Bak-,Bok-",-6080,1st,20mM Sodium Butyrate,1,3.06,0.13,3,0.11,0.053,0.03,0.992,0.008,17.01,10.22
AC3,"Bak-,Bok-",-6080,1st,15ug/mL Puromycin,1,3.1,0.23,3.06,0.23,0.045,0.018,0.986,0.005,16.79,10.09
AC3,"Bak-,Bok-",-6080,2nd,15ug/mL Puromycin,1,3.1,0.21,3.07,0.22,0.031,0.009,0.99,0.004,15.18,12.19
AC3,"Bak-,Bok-",-6080,2nd,20mM Sodium Butyrate,1,3.24,0.18,3.19,0.17,0.045,0.012,0.986,0.003,15.9,12.22
BC1,"Bax-,Bok-",-6083,2nd,15ug/mL Puromycin,1,3.32,0.07,3.27,0.08,0.049,0.019,0.985,0.006,15.22,10.72
BC1,"Bax-,Bok-",-6083,2nd,20mM Sodium Butyrate,1,3.41,0.03,3.32,0.03,0.09,0.009,0.987,0.003,14.78,10.24
BC1,"Bax-,Bok-",-6083,1st,20mM Sodium Butyrate,1,3.41,0.24,3.34,0.25,0.065,0.02,0.993,0.007,15.06,9.6
BC1,"Bax-,Bok-",-6083,1st,15ug/mL Puromycin,1,3.5,0.15,3.48,0.13,0.022,0.028,0.993,0.007,14.38,10.19
BC2,"Bax-,Bok-",-6105,2nd,20mM Sodium Butyrate,1,3.26,0.27,3.18,0.29,0.085,0.034,0.984,0.013,14.86,9.67
BC2,"Bax-,Bok-",-6105,2nd,15ug/mL Puromycin,1,3.29,0.22,3.27,0.22,0.049,0.017,0.995,0.003,15.13,16.12
BC2,"Bax-,Bok-",-6105,1st,20mM Sodium Butyrate,1,3.74,0.19,3.6,0.21,0.135,0.027,0.989,0.01,15.58,11.57
BC2,"Bax-,Bok-",-6105,1st,15ug/mL Puromycin,1,4.16,0.19,4.08,0.21,0.082,0.027,0.981,0.007,15.41,11.48
BC3,"Bax-,Bok-",-6212,1st,20mM Sodium Butyrate,1,3.18,0.18,3.09,0.21,0.09,0.03,0.989,0.01,16.13,12.57
BC3,"Bax-,Bok-",-6212,2nd,20mM Sodium Butyrate,1,3.17,0.28,3.11,0.26,0.057,0.023,0.975,0.005,15.55,11.19
BC3,"Bax-,Bok-",-6212,2nd,15ug/mL Puromycin,1,3.21,0.12,3.17,0.11,0.035,0.016,0.989,0.003,14.95,10.06
BC3,"Bax-,Bok-",-6212,1st,15ug/mL Puromycin,1,3.25,0.14,3.19,0.1,0.061,0.032,0.982,0.01,15.88,10.1
X1,Empty,-5703,2nd,15ug/mL Puromycin,1,3.08,0.26,2.96,0.27,0.123,0.036,0.96,0.014,14.29,12.25
X1,Empty,-5703,1st,15ug/mL Puromycin,1,3.08,0.05,3.04,0.05,0.043,0.007,0.987,0.003,15.64,12.77
X1,Empty,-5703,2nd,20mM Sodium Butyrate,1,3.27,0.24,3.16,0.23,0.117,0.008,0.979,0.003,15.27,10.96
X1,Empty,-5703,1st,7.5um Brefeldin A,1,3.42,0.37,3.28,0.37,0.14,0.018,0.959,0.021,13.74,11.52
X1,Empty,-5703,2nd,7.5um Brefeldin A,1,3.44,0.37,3.29,0.36,0.157,0.02,0.955,0.021,13.68,10.69
X1,Empty,-5703,1st,7.5uM Tunicamycin,1,3.4,0.38,3.3,0.38,0.102,0.013,0.97,0.018,14.7,11.41
X1,Empty,-5703,1st,20mM Sodium Butyrate,1,3.58,0.1,3.5,0.11,0.088,0.015,0.993,0.004,16.05,11.69
X1,Empty,-5703,2nd,7.5uM Tunicamycin,1,3.61,0.37,3.51,0.37,0.109,0.013,0.97,0.018,14.56,11.04
X2,Empty,-6161,1st,7.5um Brefeldin A,1,3.22,0.32,3.14,0.32,0.077,0.009,0.976,0.015,13.66,10.85
X2,Empty,-6161,1st,15ug/mL Puromycin,1,3.21,0.36,3.14,0.37,0.073,0.01,0.978,0.005,15.27,10.98
X2,Empty,-6161,1st,20mM Sodium Butyrate,1,3.36,0.21,3.2,0.22,0.15,0.013,0.982,0.008,15.59,11.35
X2,Empty,-6161,2nd,15ug/mL Puromycin,1,3.29,0.28,3.23,0.27,0.053,0.014,0.983,0.005,14.74,11.28
X2,Empty,-6161,2nd,20mM Sodium Butyrate,1,3.4,0.11,3.32,0.12,0.34,0.468,0.979,0.005,15.14,11.24
X2,Empty,-6161,2nd,7.5uM Tunicamycin,1,3.66,0.34,3.6,0.34,0.057,0.006,0.984,0.014,14.36,12.45
X2,Empty,-6161,1st,7.5uM Tunicamycin,1,3.67,0.37,3.62,0.36,0.045,0.005,0.988,0.013,14.43,13.66
X2,Empty,-6161,2nd,7.5um Brefeldin A,1,3.92,0.37,3.78,0.36,0.136,0.015,0.965,0.017,13.54,11.6
X3,Empty,-6251,2nd,7.5um Brefeldin A,1,3.27,0.36,2.96,0.35,0.314,0.045,0.904,0.03,12.65,11.45
X3,Empty,-6251,1st,15ug/mL Puromycin,1,3.15,0.1,3.05,0.11,0.1,0.021,0.968,0.007,14.8,11.38
X3,Empty,-6251,1st,7.5um Brefeldin A,1,3.38,0.37,3.08,0.35,0.299,0.043,0.912,0.03,12.57,11.38
X3,Empty,-6251,1st,20mM Sodium Butyrate,1,3.27,0.16,3.17,0.18,0.116,0.017,0.988,0.012,15.41,10.76
X3,Empty,-6251,2nd,7.5uM Tunicamycin,1,3.54,0.35,3.38,0.35,0.162,0.02,0.954,0.026,14.42,12.48
X3,Empty,-6251,2nd,15ug/mL Puromycin,1,3.55,0.22,3.43,0.23,0.422,0.499,0.965,0.012,14.11,12.8
X3,Empty,-6251,1st,7.5uM Tunicamycin,1,3.65,0.37,3.48,0.37,0.162,0.021,0.956,0.028,14.45,13.58
X3,Empty,-6251,2nd,20mM Sodium Butyrate,1,4.08,0.21,3.94,0.23,0.148,0.022,0.98,0.007,14.77,10.86
O,None,Parental,1st,15ug/mL Puromycin,1,2.49,0.06,2.41,0.07,0.076,0.027,0.971,0.01,14.54,11.56
O,None,Parental,1st,20mM Sodium Butyrate,1,2.71,0.15,2.58,0.13,0.125,0.021,0.99,0.005,15.13,10.61
O,None,Parental,2nd,20mM Sodium Butyrate,1,2.83,0.37,2.68,0.34,0.148,0.031,0.987,0.007,15.02,10.94
O,None,Parental,2nd,15ug/mL Puromycin,1,2.96,0.2,2.85,0.18,0.403,0.516,0.965,0.01,15.32,11.03
O,None,Parental,1st,7.5um Brefeldin A,1,3.51,0.35,3.32,0.35,0.195,0.025,0.945,0.026,13.15,10.84
O,None,Parental,2nd,7.5um Brefeldin A,1,3.72,0.31,3.52,0.32,0.193,0.021,0.948,0.022,13.34,11.7
O,None,Parental,2nd,7.5uM Tunicamycin,1,3.81,0.36,3.75,0.35,0.066,0.007,0.983,0.013,14.33,10.67
O,None,Parental,1st,7.5uM Tunicamycin,1,3.88,0.4,3.79,0.4,0.093,0.011,0.976,0.014,14.2,10.81
AB3,"Bak-,Bax-",-6134,1st,15ug/mL Puromycin,1,2.68,0.12,2.65,0.1,0.033,0.028,0.989,0.009,16.32,11.77
AB3,"Bak-,Bax-",-6134,1st,20mM Sodium Butyrate,1,2.9,0.24,2.87,0.24,0.027,0.009,0.991,0.002,15.83,9.93
AB3,"Bak-,Bax-",-6134,2nd,20mM Sodium Butyrate,1,3.07,0.23,3.04,0.22,0.029,0.006,0.987,0.001,15.66,9.93
AB3,"Bak-,Bax-",-6134,2nd,15ug/mL Puromycin,1,3.28,0.29,3.24,0.28,0.038,0.022,0.989,0.006,15.78,12.34
AB3,"Bak-,Bax-",-6134,2nd,7.5um Brefeldin A,1,3.3,0.38,3.26,0.37,0.039,0.005,0.988,0.012,14.39,12.24
AB3,"Bak-,Bax-",-6134,1st,7.5uM Tunicamycin,1,3.34,0.33,3.31,0.33,0.034,0.004,0.99,0.012,14.86,11.12
AB3,"Bak-,Bax-",-6134,2nd,7.5uM Tunicamycin,1,3.43,0.31,3.4,0.31,0.033,0.003,0.99,0.011,14.68,11.29
AB3,"Bak-,Bax-",-6134,1st,7.5um Brefeldin A,1,3.5,0.36,3.48,0.36,0.019,0.002,0.995,0.008,14.33,13.07
C1,Bok-,-5740,2nd,20mM Sodium Butyrate,1,2.68,0.17,2.56,0.17,0.112,0.015,0.99,0.006,14.51,9.97
C1,Bok-,-5740,2nd,15ug/mL Puromycin,1,2.7,0.06,2.59,0.03,0.094,0.042,0.958,0.027,14.48,11.31
C1,Bok-,-5740,1st,20mM Sodium Butyrate,1,3.01,0.35,2.9,0.34,0.106,0.005,0.99,0.002,14.8,10.56
C1,Bok-,-5740,1st,15ug/mL Puromycin,1,3.04,0.09,2.93,0.08,0.113,0.015,0.964,0.002,14.07,11.47
C1,Bok-,-5740,1st,7.5um Brefeldin A,1,3.56,0.36,3.38,0.35,0.177,0.022,0.95,0.024,13.34,11.36
C1,Bok-,-5740,2nd,7.5um Brefeldin A,1,3.68,0.38,3.5,0.38,0.176,0.022,0.952,0.021,13.28,12.1
C1,Bok-,-5740,1st,7.5uM Tunicamycin,1,3.63,0.42,3.55,0.42,0.083,0.011,0.977,0.017,13.92,11.16
C1,Bok-,-5740,2nd,7.5uM Tunicamycin,1,3.68,0.38,3.62,0.37,0.062,0.007,0.983,0.015,14.07,11.8
C2,Bok-,-6065,1st,15ug/mL Puromycin,1,2.25,0.15,2.13,0.11,0.121,0.05,0.947,0.019,14.48,11.12
C2,Bok-,-6065,1st,20mM Sodium Butyrate,1,2.62,0.24,2.51,0.21,0.106,0.036,0.997,0.01,14.78,10.85
C2,Bok-,-6065,2nd,15ug/mL Puromycin,1,2.82,0.09,2.71,0.09,0.111,0.036,0.96,0.014,14.41,9044.72
C2,Bok-,-6065,2nd,7.5um Brefeldin A,1,3.09,0.32,2.9,0.3,0.186,0.024,0.94,0.026,13.87,12.17
C2,Bok-,-6065,2nd,20mM Sodium Butyrate,1,3.43,0.18,3.26,0.21,0.172,0.057,0.989,0.018,14.69,10.81
C2,Bok-,-6065,1st,7.5um Brefeldin A,1,3.55,0.39,3.38,0.38,0.17,0.023,0.952,0.022,13.72,11.65
C2,Bok-,-6065,1st,7.5uM Tunicamycin,1,3.52,0.36,3.45,0.35,0.073,0.009,0.979,0.016,14.41,11.43
C2,Bok-,-6065,2nd,7.5uM Tunicamycin,1,3.52,0.42,3.45,0.41,0.067,0.009,0.981,0.013,14.29,12.39
C3,Bok-,-6311,1st,15ug/mL Puromycin,1,2.54,0.17,2.47,0.11,0.07,0.062,0.972,0.024,13.88,10.94
C3,Bok-,-6311,2nd,15ug/mL Puromycin,1,2.65,0.07,2.6,0.08,0.051,0.009,0.981,0.004,14.41,12.69
C3,Bok-,-6311,2nd,20mM Sodium Butyrate,1,2.73,0.08,2.64,0.09,0.084,0.029,0.988,0.011,14.81,10.81
C3,Bok-,-6311,1st,20mM Sodium Butyrate,1,3.01,0.04,2.91,0.06,0.1,0.017,0.994,0.007,14.55,11.22
C3,Bok-,-6311,2nd,7.5um Brefeldin A,1,3.31,0.34,3.12,0.33,0.182,0.024,0.945,0.027,13.69,11.76
C3,Bok-,-6311,2nd,7.5uM Tunicamycin,1,3.31,0.32,3.26,0.33,0.049,0.006,0.985,0.015,13.93,12.27
C3,Bok-,-6311,1st,7.5um Brefeldin A,1,3.64,0.43,3.49,0.41,0.149,0.021,0.959,0.021,13.59,11.71
C3,Bok-,-6311,1st,7.5uM Tunicamycin,1,3.58,0.38,3.53,0.38,0.05,0.006,0.986,0.012,13.87,10.98
A1,Bak-,-5994,2nd,15ug/mL Puromycin,1,2.57,0.17,2.52,0.19,0.049,0.012,0.981,0.008,14.57,10.44
A1,Bak-,-5994,1st,20mM Sodium Butyrate,1,2.68,0.37,2.65,0.35,0.031,0.034,0.982,0.011,14.86,11.25
A1,Bak-,-5994,2nd,20mM Sodium Butyrate,1,2.85,0.35,2.8,0.35,0.047,0.025,0.983,0.008,15.28,11.66
A1,Bak-,-5994,1st,15ug/mL Puromycin,1,2.89,0.48,2.87,0.47,0.025,0.011,0.991,0.004,14.51,10.35
A2,Bak-,-6263,2nd,15ug/mL Puromycin,1,2.74,0.21,2.71,0.21,0.023,0.006,0.991,0.003,15.84,12.58
A2,Bak-,-6263,2nd,20mM Sodium Butyrate,1,2.83,0.1,2.76,0.1,0.072,0.007,0.968,0.002,15.74,11.62
A2,Bak-,-6263,1st,15ug/mL Puromycin,1,2.85,0.24,2.8,0.23,0.047,0.012,0.984,0.003,15.63,12.16
A2,Bak-,-6263,1st,20mM Sodium Butyrate,1,3.29,0.12,3.21,0.12,0.072,0.007,0.967,0.002,15.5,11.73
A3,Bak-,-6303,2nd,15ug/mL Puromycin,1,2.62,0.14,2.58,0.12,0.037,0.024,0.985,0.007,17.03,12.05
A3,Bak-,-6303,1st,15ug/mL Puromycin,1,3.09,0.24,3.04,0.23,0.049,0.019,0.984,0.004,15.94,14.36
A3,Bak-,-6303,2nd,20mM Sodium Butyrate,1,3.13,0.12,3.07,0.14,0.063,0.022,0.975,0.009,16.05,11.72
A3,Bak-,-6303,1st,20mM Sodium Butyrate,1,3.39,0.25,3.32,0.24,0.067,0.015,0.979,0.003,16.46,12.56
B1,Bax-,-6109,1st,15ug/mL Puromycin,1,2.93,0.08,2.88,0.07,0.047,0.033,0.983,0.012,15.52,10.59
B1,Bax-,-6109,2nd,15ug/mL Puromycin,1,3.1,0.04,3.05,0.05,0.043,0.015,0.985,0.005,14.79,10.91
B1,Bax-,-6109,2nd,20mM Sodium Butyrate,1,3.3,0.09,3.21,0.05,0.088,0.038,0.994,0.011,14.97,11.11
B1,Bax-,-6109,1st,20mM Sodium Butyrate,1,3.28,0.4,3.22,0.37,0.056,0.024,0.991,0.005,15.66,12.82
B2,Bax-,-6154,2nd,15ug/mL Puromycin,1,2.84,0.15,2.79,0.14,0.053,0.013,0.982,0.005,15.45,11.75
B2,Bax-,-6154,1st,20mM Sodium Butyrate,1,2.96,0.22,2.86,0.2,0.1,0.017,0.991,0.005,15.08,10.84
B2,Bax-,-6154,1st,15ug/mL Puromycin,1,2.99,0.14,2.93,0.13,0.06,0.027,0.98,0.008,15.52,11.98
B2,Bax-,-6154,2nd,20mM Sodium Butyrate,1,3.17,0.13,3.08,0.12,0.117,0.018,0.995,0.019,15.39,11.38
B3,Bax-,-6166,1st,15ug/mL Puromycin,1,2.97,0.19,2.88,0.19,0.1,0.006,0.967,0.003,14.49,11.55
B3,Bax-,-6166,1st,20mM Sodium Butyrate,1,3.08,0.16,2.97,0.18,0.112,0.026,0.985,0.01,14.68,10.79
B3,Bax-,-6166,2nd,15ug/mL Puromycin,1,3.16,0.22,3.04,0.22,0.127,0.029,0.96,0.011,14.65,12.11
B3,Bax-,-6166,2nd,20mM Sodium Butyrate,1,3.39,0.13,3.25,0.14,0.133,0.029,0.983,0.008,15.18,11.54
C4,Bok-,-6250,1st,20mM Sodium Butyrate,1,3,0.17,2.94,0.2,0.072,0.027,0.987,0.009,15.44,10.94
C4,Bok-,-6250,2nd,20mM Sodium Butyrate,1,3.19,0.11,3.12,0.09,0.068,0.029,0.989,0.008,15.18,10
C4,Bok-,-6250,1st,15ug/mL Puromycin,1,3.21,0.19,3.14,0.15,0.075,0.054,0.978,0.015,14.52,11.47
C4,Bok-,-6250,2nd,15ug/mL Puromycin,1,3.28,0.31,3.23,0.31,0.051,0.01,0.985,0.002,14.72,10.8
AB1,"Bak-,Bax-",-6068,2nd,15ug/mL Puromycin,2,3.07,0.15,3.04,0.15,0.025,0.007,0.991,0.002,16.54,10.77
AB1,"Bak-,Bax-",-6068,2nd,20mM Sodium Butyrate,2,3.29,0.18,3.28,0.17,0.012,0.006,0.997,0.003,15.92,12.33
AB1,"Bak-,Bax-",-6068,1st,15ug/mL Puromycin,2,3.5,0.09,3.46,0.09,0.031,0.003,0.99,0.002,16.67,12.75
AB1,"Bak-,Bax-",-6068,1st,7.5um Brefeldin A,2,3.72,0.33,3.67,0.33,0.042,0.004,0.989,0.012,14.36,14.43
AB1,"Bak-,Bax-",-6068,2nd,7.5uM Tunicamycin,2,3.79,0.41,3.7,0.42,0.092,0.012,0.976,0.018,15.75,11.64
AB1,"Bak-,Bax-",-6068,1st,20mM Sodium Butyrate,2,3.85,0.27,3.83,0.28,0.027,0.032,0.994,0.009,16.14,12.07
AB1,"Bak-,Bax-",-6068,1st,7.5uM Tunicamycin,2,4.03,0.41,3.94,0.39,0.095,0.012,0.977,0.022,15.74,11.13
AB1,"Bak-,Bax-",-6068,2nd,7.5um Brefeldin A,2,3.99,0.36,3.95,0.36,0.04,0.004,0.99,0.011,14.44,12.6
AB2,"Bak-,Bax-",-6145,2nd,20mM Sodium Butyrate,2,2.26,0.2,2.22,0.22,0.037,0.019,0.983,0.012,15.84,11.72
AB2,"Bak-,Bax-",-6145,1st,20mM Sodium Butyrate,2,2.8,0.21,2.76,0.21,0.034,0.012,0.987,0.004,15.95,11.3
AB2,"Bak-,Bax-",-6145,1st,15ug/mL Puromycin,2,3.23,0.42,3.21,0.43,0.053,0.043,0.992,0.004,16.98,12.39
AB2,"Bak-,Bax-",-6145,2nd,7.5um Brefeldin A,2,3.31,0.35,3.27,0.35,0.04,0.005,0.988,0.012,15.08,13.52
AB2,"Bak-,Bax-",-6145,2nd,15ug/mL Puromycin,2,3.3,0.14,3.28,0.14,0.023,0.016,0.992,0.005,16.16,12.17
AB2,"Bak-,Bax-",-6145,2nd,7.5uM Tunicamycin,2,3.41,0.35,3.37,0.35,0.039,0.004,0.989,0.013,15.68,13.5
AB2,"Bak-,Bax-",-6145,1st,7.5um Brefeldin A,2,3.42,0.4,3.38,0.4,0.045,0.006,0.987,0.013,15.01,11.7
AB2,"Bak-,Bax-",-6145,1st,7.5uM Tunicamycin,2,3.47,0.38,3.42,0.38,0.053,0.007,0.985,0.018,15.77,12.98
ABC1,"Bak-,Bax-,Bok-",-6077,2nd,20mM Sodium Butyrate,2,2.75,0.29,2.73,0.28,0.015,0.014,0.995,0.005,15.15,12.2
ABC1,"Bak-,Bax-,Bok-",-6077,1st,20mM Sodium Butyrate,2,3.12,0.22,3.1,0.21,0.018,0.016,0.995,0.005,15.69,10.22
ABC1,"Bak-,Bax-,Bok-",-6077,1st,15ug/mL Puromycin,2,3.25,0.17,3.21,0.16,0.035,0.016,0.989,0.006,16.02,11.72
ABC1,"Bak-,Bax-,Bok-",-6077,2nd,15ug/mL Puromycin,2,3.32,0.24,3.31,0.24,0.016,0.007,0.995,0.002,16.3,8.75
ABC1,"Bak-,Bax-,Bok-",-6077,1st,7.5um Brefeldin A,2,3.47,0.39,3.45,0.39,0.023,0.003,0.994,0.009,14.59,11.4
ABC1,"Bak-,Bax-,Bok-",-6077,2nd,7.5uM Tunicamycin,2,3.84,0.4,3.79,0.39,0.053,0.006,0.986,0.011,15.4,10.18
ABC1,"Bak-,Bax-,Bok-",-6077,1st,7.5uM Tunicamycin,2,3.98,0.36,3.92,0.36,0.065,0.007,0.984,0.014,15.35,11.67
ABC1,"Bak-,Bax-,Bok-",-6077,2nd,7.5um Brefeldin A,2,4.17,0.4,4.14,0.4,0.028,0.003,0.993,0.009,14.6,13.98
ABC2,"Bak-,Bax-,Bok-",-6101,1st,20mM Sodium Butyrate,2,2.36,0.09,2.34,0.11,0.018,0.016,0.993,0.007,17.27,12.33
ABC2,"Bak-,Bax-,Bok-",-6101,2nd,20mM Sodium Butyrate,2,2.88,0.17,2.85,0.17,0.031,0.014,0.99,0.003,16.14,12
ABC2,"Bak-,Bax-,Bok-",-6101,1st,15ug/mL Puromycin,2,3.05,0.08,3.03,0.09,0.025,0.007,0.992,0.004,17.44,14.77
ABC2,"Bak-,Bax-,Bok-",-6101,2nd,15ug/mL Puromycin,2,3.14,0.09,3.07,0.1,0.076,0.033,0.976,0.012,15.67,10.85
ABC2,"Bak-,Bax-,Bok-",-6101,1st,7.5um Brefeldin A,2,3.47,0.34,3.42,0.34,0.05,0.005,0.986,0.012,14.97,12.99
ABC2,"Bak-,Bax-,Bok-",-6101,2nd,7.5um Brefeldin A,2,3.53,0.37,3.49,0.37,0.036,0.004,0.99,0.01,15.13,13.73
ABC2,"Bak-,Bax-,Bok-",-6101,1st,7.5uM Tunicamycin,2,3.58,0.38,3.52,0.37,0.061,0.008,0.983,0.029,15.92,12.17
ABC2,"Bak-,Bax-,Bok-",-6101,2nd,7.5uM Tunicamycin,2,3.71,0.35,3.66,0.35,0.051,0.005,0.986,0.013,15.72,13.27
ABC3,"Bak-,Bax-,Bok-",-6128,1st,20mM Sodium Butyrate,2,2.59,0.17,2.54,0.17,0.041,0.01,0.983,0.005,15.94,12.43
ABC3,"Bak-,Bax-,Bok-",-6128,1st,15ug/mL Puromycin,2,2.96,0.32,2.93,0.32,0.04,0.009,0.987,0.004,17.02,11.26
ABC3,"Bak-,Bax-,Bok-",-6128,2nd,20mM Sodium Butyrate,2,2.97,0.01,2.94,0.02,0.022,0.007,0.992,0.002,15.56,11.46
ABC3,"Bak-,Bax-,Bok-",-6128,2nd,15ug/mL Puromycin,2,3.25,0.15,3.22,0.15,0.157,0.22,0.991,0.003,16.85,10.63
ABC3,"Bak-,Bax-,Bok-",-6128,1st,7.5um Brefeldin A,2,3.63,0.32,3.58,0.32,0.049,0.005,0.986,0.012,14.33,13.04
ABC3,"Bak-,Bax-,Bok-",-6128,1st,7.5uM Tunicamycin,2,3.87,0.35,3.82,0.35,0.051,0.005,0.987,0.01,16.03,11.81
ABC3,"Bak-,Bax-,Bok-",-6128,2nd,7.5uM Tunicamycin,2,3.95,0.35,3.89,0.34,0.063,0.006,0.984,0.012,15.87,11.39
ABC3,"Bak-,Bax-,Bok-",-6128,2nd,7.5um Brefeldin A,2,4.01,0.37,3.95,0.37,0.06,0.006,0.985,0.012,14.29,12.25
AC1,"Bak-,Bok-",-6075,1st,20mM Sodium Butyrate,2,2.15,0.03,2.02,0.03,0.123,0.006,0.941,0.002,15.23,10.08
AC1,"Bak-,Bok-",-6075,2nd,20mM Sodium Butyrate,2,2.52,0.14,2.38,0.13,0.446,0.478,0.942,0.019,15.38,10.94
AC1,"Bak-,Bok-",-6075,1st,15ug/mL Puromycin,2,3.06,0.03,2.86,0.04,0.207,0.03,0.934,0.01,15.55,12
AC1,"Bak-,Bok-",-6075,2nd,15ug/mL Puromycin,2,3.25,0.27,3.04,0.22,0.207,0.054,0.935,0.011,14.95,12.78
AC2,"Bak-,Bok-",-6076,2nd,20mM Sodium Butyrate,2,2.21,0.32,2.05,0.31,0.157,0.017,0.929,0.005,14.78,11.33
AC2,"Bak-,Bok-",-6076,1st,20mM Sodium Butyrate,2,2.5,0.23,2.35,0.22,0.153,0.03,0.94,0.01,14.72,11.03
AC2,"Bak-,Bok-",-6076,1st,15ug/mL Puromycin,2,3.13,0.1,2.96,0.09,0.166,0.032,0.947,0.009,16.11,13.67
AC2,"Bak-,Bok-",-6076,2nd,15ug/mL Puromycin,2,3.3,0.23,3.02,0.22,0.28,0.048,0.914,0.015,15.48,12.94
AC3,"Bak-,Bok-",-6080,2nd,20mM Sodium Butyrate,2,2.28,0.15,2.09,0.1,0.191,0.053,0.917,0.018,14.13,11.19
AC3,"Bak-,Bok-",-6080,1st,20mM Sodium Butyrate,2,2.46,0.07,2.3,0.09,0.114,0.087,0.936,0.008,15.76,11.91
AC3,"Bak-,Bok-",-6080,2nd,15ug/mL Puromycin,2,3.02,0.05,2.68,0.04,0.24,0.18,0.887,0.008,15.18,12.92
AC3,"Bak-,Bok-",-6080,1st,15ug/mL Puromycin,2,2.99,0.24,2.77,0.25,0.215,0.018,0.927,0.011,15.24,12.74
BC1,"Bax-,Bok-",-6083,2nd,20mM Sodium Butyrate,2,2.53,0.1,2.25,0.15,0.282,0.044,0.891,0.022,15.01,11.88
BC1,"Bax-,Bok-",-6083,1st,20mM Sodium Butyrate,2,2.94,0.37,2.6,0.34,0.345,0.085,0.883,0.026,14.81,11.8
BC1,"Bax-,Bok-",-6083,2nd,15ug/mL Puromycin,2,3.45,0.07,2.94,0.13,0.502,0.053,0.853,0.021,13.72,12.29
BC1,"Bax-,Bok-",-6083,1st,15ug/mL Puromycin,2,3.57,0.33,3.15,0.29,0.414,0.055,0.883,0.01,14.32,12.33
BC2,"Bax-,Bok-",-6105,2nd,20mM Sodium Butyrate,2,2.83,0.05,2.37,0.07,0.463,0.082,0.837,0.026,14.27,11.42
BC2,"Bax-,Bok-",-6105,1st,20mM Sodium Butyrate,2,3.35,0.07,2.69,0.06,0.659,0.119,0.803,0.032,14.86,11.54
BC2,"Bax-,Bok-",-6105,2nd,15ug/mL Puromycin,2,3.71,0.19,3.28,0.14,0.422,0.059,0.885,0.009,13,11.24
BC2,"Bax-,Bok-",-6105,1st,15ug/mL Puromycin,2,3.77,0.14,3.44,0.07,0.321,0.088,0.914,0.021,14.08,11.75
BC3,"Bax-,Bok-",-6212,2nd,15ug/mL Puromycin,2,3.01,0.09,1.83,0.15,1.173,0.136,0.61,0.044,12.9,12.34
BC3,"Bax-,Bok-",-6212,1st,20mM Sodium Butyrate,2,2.18,0.09,1.97,0.09,0.209,0.029,0.902,0.013,15.17,11.08
BC3,"Bax-,Bok-",-6212,2nd,20mM Sodium Butyrate,2,2.32,0.1,2.12,0.08,0.201,0.032,0.914,0.013,14.69,12.32
BC3,"Bax-,Bok-",-6212,1st,15ug/mL Puromycin,2,3.28,0.16,2.29,0.09,0.992,0.083,0.697,0.012,13.83,13.21
X1,Empty,-5703,2nd,15ug/mL Puromycin,2,3.26,0.1,1.27,0.17,1.993,0.187,0.389,0.053,12.82,11.99
X1,Empty,-5703,1st,15ug/mL Puromycin,2,3.43,0.23,2,0.13,1.427,0.12,0.584,0.016,14.98,13.39
X1,Empty,-5703,2nd,20mM Sodium Butyrate,2,2.74,0.2,2.14,0.21,0.418,0.313,0.783,0.018,15.01,11.19
X1,Empty,-5703,1st,20mM Sodium Butyrate,2,3.06,0.18,2.53,0.18,0.524,0.035,0.829,0.013,14.6,11.35
X1,Empty,-5703,2nd,7.5um Brefeldin A,2,3.61,0.41,2.85,0.36,0.76,0.125,0.79,0.04,13.47,11.9
X1,Empty,-5703,1st,7.5um Brefeldin A,2,3.58,0.4,2.97,0.37,0.616,0.101,0.828,0.043,13.32,11.84
X1,Empty,-5703,1st,7.5uM Tunicamycin,2,3.75,0.42,3.02,0.39,0.731,0.121,0.805,0.044,13.71,11.94
X1,Empty,-5703,2nd,7.5uM Tunicamycin,2,4.01,0.4,3.25,0.36,0.761,0.115,0.81,0.04,13.6,11.84
X2,Empty,-6161,1st,15ug/mL Puromycin,2,2.97,0.01,1.97,0.09,0.996,0.097,0.663,0.032,12.33,12.37
X2,Empty,-6161,2nd,15ug/mL Puromycin,2,3.21,0.18,1.97,0.18,1.235,0.045,0.615,0.026,12.7,12.11
X2,Empty,-6161,1st,20mM Sodium Butyrate,2,2.71,0.23,2.47,0.24,0.238,0.047,0.911,0.02,15.33,11.56
X2,Empty,-6161,2nd,20mM Sodium Butyrate,2,3.04,0.21,2.76,0.17,0.28,0.044,0.909,0.01,15.27,11.24
X2,Empty,-6161,1st,7.5um Brefeldin A,2,3.78,0.38,3.07,0.34,0.717,0.105,0.81,0.037,13.03,12.22
X2,Empty,-6161,2nd,7.5um Brefeldin A,2,4.13,0.38,3.35,0.33,0.783,0.105,0.811,0.035,13.04,12.26
X2,Empty,-6161,2nd,7.5uM Tunicamycin,2,3.91,0.39,3.4,0.36,0.508,0.07,0.87,0.034,13.81,12.17
X2,Empty,-6161,1st,7.5uM Tunicamycin,2,3.96,0.42,3.49,0.38,0.478,0.069,0.879,0.034,13.97,11.91
X3,Empty,-6251,1st,15ug/mL Puromycin,2,3.26,0.16,1.24,0.06,2.017,0.102,0.381,0.005,12.54,12.41
X3,Empty,-6251,2nd,15ug/mL Puromycin,2,3.56,0.29,1.42,0.21,2.14,0.092,0.399,0.027,12.94,12.53
X3,Empty,-6251,1st,7.5um Brefeldin A,2,3.42,0.37,1.7,0.24,1.713,0.367,0.499,0.053,12.77,11.86
X3,Empty,-6251,2nd,7.5um Brefeldin A,2,3.32,0.39,1.73,0.27,1.593,0.379,0.52,0.062,13.08,12.12
X3,Empty,-6251,1st,20mM Sodium Butyrate,2,2.74,0.28,2.21,0.27,0.53,0.041,0.807,0.019,14.79,11.2
X3,Empty,-6251,1st,7.5uM Tunicamycin,2,3.61,0.32,2.61,0.29,0.998,0.153,0.724,0.047,13.47,12.38
X3,Empty,-6251,2nd,20mM Sodium Butyrate,2,3.37,0.05,2.69,0.06,0.686,0.108,0.797,0.03,14.63,11.56
X3,Empty,-6251,2nd,7.5uM Tunicamycin,2,3.76,0.39,2.76,0.34,0.995,0.161,0.736,0.044,13.48,12.46
O,None,Parental,2nd,15ug/mL Puromycin,2,2.76,0.23,0.86,0.1,1.898,0.205,0.312,0.034,11.4,10.72
O,None,Parental,1st,15ug/mL Puromycin,2,2.36,0.27,1.08,0.16,1.277,0.22,0.459,0.063,12.96,12.86
O,None,Parental,2nd,20mM Sodium Butyrate,2,2.4,0.18,1.82,0.15,0.585,0.051,0.759,0.013,14.24,10.77
O,None,Parental,1st,20mM Sodium Butyrate,2,2.29,0.17,1.85,0.14,0.444,0.03,0.807,0.002,14.2,11.85
O,None,Parental,1st,7.5um Brefeldin A,2,3.63,0.34,2.59,0.29,1.037,0.166,0.714,0.048,13.3,12.12
O,None,Parental,2nd,7.5um Brefeldin A,2,3.8,0.35,2.71,0.29,1.091,0.168,0.713,0.044,13.29,12.09
O,None,Parental,2nd,7.5uM Tunicamycin,2,4.11,0.38,3.54,0.37,0.57,0.075,0.861,0.033,13.94,11.48
O,None,Parental,1st,7.5uM Tunicamycin,2,4.26,0.42,3.56,0.36,0.694,0.097,0.837,0.034,13.86,11.59
AB3,"Bak-,Bax-",-6134,1st,15ug/mL Puromycin,2,2.45,0.09,2.39,0.08,0.065,0.016,0.973,0.005,15.42,12.94
AB3,"Bak-,Bax-",-6134,1st,20mM Sodium Butyrate,2,2.5,0.13,2.47,0.15,0.031,0.015,0.988,0.009,15.42,13
AB3,"Bak-,Bax-",-6134,2nd,20mM Sodium Butyrate,2,2.74,0.27,2.72,0.26,0.018,0.021,0.995,0.008,15.3,13.08
AB3,"Bak-,Bax-",-6134,2nd,15ug/mL Puromycin,2,3.22,0.14,3.14,0.09,0.072,0.056,0.976,0.017,14.89,11.27
AB3,"Bak-,Bax-",-6134,2nd,7.5um Brefeldin A,2,3.34,0.27,3.28,0.28,0.056,0.005,0.983,0.014,14.87,14.8
AB3,"Bak-,Bax-",-6134,2nd,7.5uM Tunicamycin,2,3.44,0.34,3.4,0.34,0.049,0.005,0.986,0.013,15.33,10.51
AB3,"Bak-,Bax-",-6134,1st,7.5um Brefeldin A,2,3.52,0.37,3.48,0.36,0.033,0.004,0.991,0.011,14.83,15.97
AB3,"Bak-,Bax-",-6134,1st,7.5uM Tunicamycin,2,3.56,0.4,3.52,0.39,0.044,0.006,0.988,0.019,15.5,10.82
C1,Bok-,-5740,2nd,15ug/mL Puromycin,2,2.59,0.13,0.78,0.14,1.807,0.102,0.302,0.044,11.3,10.84
C1,Bok-,-5740,1st,15ug/mL Puromycin,2,2.98,0.05,1.02,0.13,1.963,0.101,0.341,0.04,11.86,11.59
C1,Bok-,-5740,2nd,20mM Sodium Butyrate,2,2.44,0.08,1.81,0.06,0.637,0.018,0.739,0,14.44,11.56
C1,Bok-,-5740,1st,20mM Sodium Butyrate,2,2.47,0.11,1.95,0.15,0.518,0.072,0.791,0.034,14.2,11.39
C1,Bok-,-5740,2nd,7.5um Brefeldin A,2,3.6,0.37,2.68,0.34,0.926,0.154,0.743,0.047,13.18,12.05
C1,Bok-,-5740,1st,7.5um Brefeldin A,2,3.83,0.34,2.84,0.31,0.994,0.148,0.74,0.045,13.3,12.24
C1,Bok-,-5740,1st,7.5uM Tunicamycin,2,3.94,0.4,3.44,0.37,0.498,0.069,0.874,0.032,13.78,11.63
C1,Bok-,-5740,2nd,7.5uM Tunicamycin,2,3.92,0.36,3.53,0.34,0.395,0.049,0.899,0.029,13.94,11.49
C2,Bok-,-6065,2nd,15ug/mL Puromycin,2,2.89,0.32,0.97,0.2,1.918,0.143,0.337,0.039,12.74,12.48
C2,Bok-,-6065,1st,15ug/mL Puromycin,2,2.56,0.29,1.06,0.15,1.493,0.209,0.416,0.041,13.1,13.28
C2,Bok-,-6065,2nd,20mM Sodium Butyrate,2,2.58,0.13,1.89,0.16,0.698,0.047,0.73,0.029,13.77,11.46
C2,Bok-,-6065,1st,20mM Sodium Butyrate,2,2.37,0.25,1.89,0.15,0.478,0.101,0.798,0.025,14.29,12.33
C2,Bok-,-6065,2nd,7.5um Brefeldin A,2,3.24,0.28,2.46,0.27,0.772,0.117,0.762,0.05,13.58,12.33
C2,Bok-,-6065,1st,7.5um Brefeldin A,2,3.61,0.37,2.78,0.35,0.838,0.137,0.768,0.046,13.58,12.16
C2,Bok-,-6065,1st,7.5uM Tunicamycin,2,3.98,0.37,3.36,0.33,0.624,0.088,0.843,0.04,13.62,11.87
C2,Bok-,-6065,2nd,7.5uM Tunicamycin,2,3.9,0.41,3.4,0.38,0.503,0.07,0.871,0.03,13.7,11.83
C3,Bok-,-6311,2nd,15ug/mL Puromycin,2,2.68,0.33,0.96,0.15,1.715,0.252,0.36,0.044,11.1,11.01
C3,Bok-,-6311,1st,15ug/mL Puromycin,2,2.65,0.21,1.2,0.08,1.443,0.239,0.453,0.055,12.3,12.5
C3,Bok-,-6311,2nd,20mM Sodium Butyrate,2,1.85,0.09,1.38,0.1,0.475,0.048,0.744,0.03,14.41,11.92
C3,Bok-,-6311,1st,20mM Sodium Butyrate,2,2.39,0.34,2.02,0.22,0.377,0.126,0.843,0.03,14.27,11.33
C3,Bok-,-6311,2nd,7.5um Brefeldin A,2,3.45,0.4,2.71,0.35,0.738,0.127,0.786,0.044,12.96,11.45
C3,Bok-,-6311,1st,7.5um Brefeldin A,2,3.84,0.42,3.1,0.36,0.738,0.117,0.808,0.04,13.08,11.82
C3,Bok-,-6311,2nd,7.5uM Tunicamycin,2,3.63,0.34,3.13,0.33,0.499,0.067,0.862,0.035,13.56,11.18
C3,Bok-,-6311,1st,7.5uM Tunicamycin,2,3.93,0.45,3.28,0.39,0.65,0.103,0.835,0.037,13.53,11.05
A1,Bak-,-5994,1st,20mM Sodium Butyrate,2,1.83,0.04,1.66,0.02,0.164,0.026,0.909,0.016,13.18,10.33
A1,Bak-,-5994,2nd,20mM Sodium Butyrate,2,2.14,0.11,1.97,0.13,0.17,0.016,0.92,0.012,13.66,10.98
A1,Bak-,-5994,2nd,15ug/mL Puromycin,2,2.67,0.39,2.17,0.27,0.504,0.131,0.812,0.024,14.1,12.57
A1,Bak-,-5994,1st,15ug/mL Puromycin,2,2.7,0.2,2.22,0.1,0.487,0.099,0.82,0.026,13.87,11.96
A2,Bak-,-6263,2nd,20mM Sodium Butyrate,2,2.78,0.05,2.53,0.02,0.25,0.046,0.91,0.015,14.74,11.72
A2,Bak-,-6263,1st,20mM Sodium Butyrate,2,2.77,0.15,2.56,0.08,0.211,0.098,0.924,0.03,14.86,11.22
A2,Bak-,-6263,2nd,15ug/mL Puromycin,2,2.95,0.15,2.73,0.17,0.215,0.021,0.926,0.011,15.05,13.32
A2,Bak-,-6263,1st,15ug/mL Puromycin,2,3.18,0.02,2.95,0.06,0.229,0.079,0.929,0.023,14.56,11.64
A3,Bak-,-6303,2nd,20mM Sodium Butyrate,2,2.2,0.17,1.97,0.13,0.232,0.053,0.895,0.015,14.58,11.81
A3,Bak-,-6303,1st,20mM Sodium Butyrate,2,2.4,0.31,2.25,0.26,0.158,0.051,0.934,0.015,15.33,11.38
A3,Bak-,-6303,2nd,15ug/mL Puromycin,2,2.78,0.29,2.4,0.3,0.378,0.072,0.864,0.027,14.53,12.4
A3,Bak-,-6303,1st,15ug/mL Puromycin,2,2.99,0.49,2.62,0.42,0.37,0.094,0.877,0.017,14.32,12.72
B1,Bax-,-6109,1st,20mM Sodium Butyrate,2,2.58,0.39,2.34,0.37,0.243,0.048,0.906,0.02,14.9,11.04
B1,Bax-,-6109,2nd,15ug/mL Puromycin,2,3.5,0.17,2.51,0.11,0.985,0.165,0.718,0.039,13.26,11.97
B1,Bax-,-6109,2nd,20mM Sodium Butyrate,2,2.88,0.11,2.55,0.1,0.328,0.012,0.886,0.003,14.9,11.49
B1,Bax-,-6109,1st,15ug/mL Puromycin,2,3.5,0.11,2.71,0.1,0.796,0.012,0.774,0.006,13.57,12.38
B2,Bax-,-6154,1st,20mM Sodium Butyrate,2,2.29,0.19,2.03,0.14,0.263,0.076,0.887,0.025,14.53,11.88
B2,Bax-,-6154,2nd,15ug/mL Puromycin,2,3.08,0.09,2.06,0.11,1.021,0.134,0.668,0.039,13.54,12.29
B2,Bax-,-6154,2nd,20mM Sodium Butyrate,2,2.54,0.13,2.17,0.15,0.373,0.074,0.853,0.029,14.9,11.35
B2,Bax-,-6154,1st,15ug/mL Puromycin,2,3.32,0.21,2.31,0.17,1.013,0.146,0.695,0.036,13.59,11.57
B3,Bax-,-6166,2nd,15ug/mL Puromycin,2,3.17,0.04,1.4,0.05,1.767,0.049,0.441,0.015,12.35,11.67
B3,Bax-,-6166,1st,15ug/mL Puromycin,2,3.42,0.16,1.73,0.2,1.688,0.085,0.506,0.038,12.86,12.3
B3,Bax-,-6166,1st,20mM Sodium Butyrate,2,2.41,0.12,2,0.11,0.419,0.019,0.827,0.009,14.36,11.81
B3,Bax-,-6166,2nd,20mM Sodium Butyrate,2,2.72,0.15,2.09,0.08,0.62,0.075,0.771,0.02,14.63,11.14
C4,Bok-,-6250,2nd,20mM Sodium Butyrate,2,1.64,0.12,1.4,0.13,0.242,0.019,0.852,0.019,14.95,11.38
C4,Bok-,-6250,1st,20mM Sodium Butyrate,2,1.81,0.14,1.6,0.13,0.207,0.012,0.884,0.007,14.5,11.27
C4,Bok-,-6250,2nd,15ug/mL Puromycin,2,3.37,0.15,2.33,0.12,1.03,0.04,0.692,0.01,13.24,12.18
C4,Bok-,-6250,1st,15ug/mL Puromycin,2,3.29,0.15,2.57,0.16,0.721,0.048,0.781,0.016,14.17,12.65
AB1,"Bak-,Bax-",-6068,2nd,20mM Sodium Butyrate,3,2.77,0.1,2.76,0.1,0.012,0,0.996,0,15.87,10.5
AB1,"Bak-,Bax-",-6068,2nd,15ug/mL Puromycin,3,3.16,0.07,2.95,0.06,0.217,0.021,0.933,0.007,15.15,13.04
AB1,"Bak-,Bax-",-6068,1st,20mM Sodium Butyrate,3,3.27,0.19,3.2,0.17,0.299,0.401,0.979,0.004,15.77,13.21
AB1,"Bak-,Bax-",-6068,1st,15ug/mL Puromycin,3,3.75,0.23,3.52,0.24,0.229,0.03,0.939,0.009,15.62,13.62
AB1,"Bak-,Bax-",-6068,1st,7.5um Brefeldin A,3,3.78,0.38,3.7,0.37,0.072,0.008,0.981,0.014,14.76,14.34
AB1,"Bak-,Bax-",-6068,2nd,7.5uM Tunicamycin,3,3.94,0.33,3.82,0.32,0.119,0.012,0.97,0.017,15.65,11.85
AB1,"Bak-,Bax-",-6068,1st,7.5uM Tunicamycin,3,4.02,0.41,3.92,0.4,0.096,0.011,0.976,0.017,15.81,12.74
AB1,"Bak-,Bax-",-6068,2nd,7.5um Brefeldin A,3,4.03,0.34,3.95,0.33,0.08,0.008,0.98,0.012,14.74,12.19
AB2,"Bak-,Bax-",-6145,2nd,20mM Sodium Butyrate,3,1.19,0.08,1.16,0.06,0.031,0.021,0.975,0.015,15.18,13.25
AB2,"Bak-,Bax-",-6145,1st,20mM Sodium Butyrate,3,1.35,0.1,1.26,0.1,0.089,0.02,0.933,0.018,15.65,15.79
AB2,"Bak-,Bax-",-6145,2nd,15ug/mL Puromycin,3,3.27,0.13,2.83,0.09,0.434,0.047,0.866,0.01,13.27,12.12
AB2,"Bak-,Bax-",-6145,1st,15ug/mL Puromycin,3,3.48,0.18,3.15,0.2,0.33,0.04,0.905,0.013,14.1,12.35
AB2,"Bak-,Bax-",-6145,1st,7.5um Brefeldin A,3,3.46,0.32,3.39,0.32,0.065,0.007,0.981,0.013,15.63,14.16
AB2,"Bak-,Bax-",-6145,2nd,7.5um Brefeldin A,3,3.45,0.36,3.39,0.35,0.062,0.007,0.982,0.013,15.48,12.73
AB2,"Bak-,Bax-",-6145,1st,7.5uM Tunicamycin,3,3.58,0.35,3.52,0.33,0.065,0.007,0.982,0.014,16.14,11.57
AB2,"Bak-,Bax-",-6145,2nd,7.5uM Tunicamycin,3,3.69,0.41,3.62,0.41,0.065,0.008,0.983,0.014,15.77,14.81
ABC1,"Bak-,Bax-,Bok-",-6077,2nd,20mM Sodium Butyrate,3,1.71,0.07,1.7,0.06,0.041,0.066,0.996,0.003,14.49,9.38
ABC1,"Bak-,Bax-,Bok-",-6077,1st,20mM Sodium Butyrate,3,1.94,0.03,1.79,0.09,0.149,0.059,0.923,0.033,14.62,13.96
ABC1,"Bak-,Bax-,Bok-",-6077,2nd,15ug/mL Puromycin,3,3.34,0.24,3.26,0.22,0.662,0.54,0.976,0.007,15.24,12.13
ABC1,"Bak-,Bax-,Bok-",-6077,1st,15ug/mL Puromycin,3,3.46,0.12,3.38,0.1,0.078,0.019,0.977,0.004,15.6,12.72
ABC1,"Bak-,Bax-,Bok-",-6077,1st,7.5um Brefeldin A,3,3.54,0.33,3.5,0.32,0.038,0.004,0.989,0.01,14.95,13.11
ABC1,"Bak-,Bax-,Bok-",-6077,2nd,7.5uM Tunicamycin,3,3.81,0.34,3.74,0.35,0.075,0.008,0.98,0.015,15.39,11.31
ABC1,"Bak-,Bax-,Bok-",-6077,2nd,7.5um Brefeldin A,3,4.13,0.37,4.05,0.36,0.076,0.008,0.982,0.021,14.88,12.88
ABC1,"Bak-,Bax-,Bok-",-6077,1st,7.5uM Tunicamycin,3,4.15,0.44,4.09,0.43,0.06,0.007,0.986,0.012,15.72,11.54
ABC2,"Bak-,Bax-,Bok-",-6101,2nd,20mM Sodium Butyrate,3,0.91,0.17,0.87,0.17,0.036,0.024,0.953,0.015,15.5,16.54
ABC2,"Bak-,Bax-,Bok-",-6101,1st,20mM Sodium Butyrate,3,1.26,0.13,1.22,0.12,0.037,0.023,0.972,0.018,16.98,13.76
ABC2,"Bak-,Bax-,Bok-",-6101,1st,15ug/mL Puromycin,3,2.79,0.16,2.41,0.12,0.037,0.004,0.866,0.009,14.4,12.81
ABC2,"Bak-,Bax-,Bok-",-6101,2nd,15ug/mL Puromycin,3,3.27,0.09,2.55,0.15,0.721,0.059,0.78,0.024,13.4,12.46
ABC2,"Bak-,Bax-,Bok-",-6101,2nd,7.5um Brefeldin A,3,3.48,0.33,3.41,0.34,0.071,0.008,0.98,0.015,15.67,13.56
ABC2,"Bak-,Bax-,Bok-",-6101,1st,7.5um Brefeldin A,3,3.65,0.32,3.57,0.3,0.079,0.008,0.978,0.016,15.55,13
ABC2,"Bak-,Bax-,Bok-",-6101,1st,7.5uM Tunicamycin,3,3.67,0.33,3.59,0.32,0.073,0.008,0.98,0.016,16.23,15.69
ABC2,"Bak-,Bax-,Bok-",-6101,2nd,7.5uM Tunicamycin,3,3.78,0.37,3.7,0.37,0.08,0.009,0.979,0.015,15.79,13.4
ABC3,"Bak-,Bax-,Bok-",-6128,2nd,20mM Sodium Butyrate,3,2.23,0.13,2.2,0.14,0.025,0.009,0.99,0.003,15.17,12.69
ABC3,"Bak-,Bax-,Bok-",-6128,1st,20mM Sodium Butyrate,3,2.4,0.16,2.37,0.15,0.098,0.119,0.99,0.002,15.02,10.32
ABC3,"Bak-,Bax-,Bok-",-6128,1st,15ug/mL Puromycin,3,3.17,0.19,2.91,0.23,0.244,0.09,0.918,0.021,15.18,13.77
ABC3,"Bak-,Bax-,Bok-",-6128,2nd,15ug/mL Puromycin,3,3.38,0.16,3.07,0.09,0.305,0.071,0.908,0.017,15.27,13.17
ABC3,"Bak-,Bax-,Bok-",-6128,1st,7.5um Brefeldin A,3,3.82,0.46,3.74,0.45,0.08,0.011,0.979,0.016,14.64,12.76
ABC3,"Bak-,Bax-,Bok-",-6128,1st,7.5uM Tunicamycin,3,3.88,0.37,3.82,0.37,0.053,0.006,0.986,0.017,15.95,14.35
ABC3,"Bak-,Bax-,Bok-",-6128,2nd,7.5uM Tunicamycin,3,4.01,0.39,3.93,0.38,0.077,0.008,0.981,0.013,15.58,12.48
ABC3,"Bak-,Bax-,Bok-",-6128,2nd,7.5um Brefeldin A,3,4.11,0.41,4.01,0.41,0.098,0.012,0.976,0.018,14.55,13.19
AC1,"Bak-,Bok-",-6075,1st,20mM Sodium Butyrate,3,1.31,0.09,1.05,0.06,0.172,0.125,0.803,0.006,15.1,11.56
AC1,"Bak-,Bok-",-6075,2nd,20mM Sodium Butyrate,3,1.49,0.07,1.2,0.09,0.293,0.024,0.805,0.021,15.92,12.19
AC1,"Bak-,Bok-",-6075,2nd,15ug/mL Puromycin,3,3.16,0.1,1.66,0.07,1.49,0.123,0.526,0.027,12.37,11.99
AC1,"Bak-,Bok-",-6075,1st,15ug/mL Puromycin,3,2.82,0.04,1.7,0.11,1.123,0.121,0.601,0.04,12.86,12.1
AC2,"Bak-,Bok-",-6076,2nd,20mM Sodium Butyrate,3,1.68,0.16,1.32,0.16,0.358,0.032,0.787,0.029,14.66,11.31
AC2,"Bak-,Bok-",-6076,2nd,15ug/mL Puromycin,3,3.33,0.2,1.35,0.21,1.975,0.171,0.406,0.052,12.6,11.88
AC2,"Bak-,Bok-",-6076,1st,15ug/mL Puromycin,3,3.15,0.44,1.43,0.25,1.715,0.194,0.455,0.019,12.74,12.49
AC2,"Bak-,Bok-",-6076,1st,20mM Sodium Butyrate,3,1.92,0.17,1.61,0.14,0.315,0.049,0.836,0.018,14.84,11.93
AC3,"Bak-,Bok-",-6080,2nd,20mM Sodium Butyrate,3,1.09,0.06,0.72,0.07,0.366,0.019,0.664,0.029,13.82,11.71
AC3,"Bak-,Bok-",-6080,1st,20mM Sodium Butyrate,3,1.48,0.01,1.07,0.01,0.412,0.006,0.723,0.002,15.19,12.75
AC3,"Bak-,Bok-",-6080,2nd,15ug/mL Puromycin,3,3.17,0.15,1.69,0.19,1.47,0.122,0.534,0.043,12.64,12.18
AC3,"Bak-,Bok-",-6080,1st,15ug/mL Puromycin,3,3.38,0.06,2.15,0.08,1.237,0.021,0.635,0.013,12.93,12.77
BC1,"Bax-,Bok-",-6083,2nd,20mM Sodium Butyrate,3,1.54,0.03,1.03,0.03,0.514,0.042,0.666,0.024,14.44,11.29
BC1,"Bax-,Bok-",-6083,2nd,15ug/mL Puromycin,3,3.52,0.07,1.05,0.13,2.477,0.163,0.297,0.039,11.73,11.21
BC1,"Bax-,Bok-",-6083,1st,20mM Sodium Butyrate,3,1.69,0.1,1.22,0.1,0.471,0.044,0.722,0.025,14.86,11.67
BC1,"Bax-,Bok-",-6083,1st,15ug/mL Puromycin,3,3.62,0.33,1.23,0.2,2.393,0.404,0.34,0.063,11.97,11.34
BC2,"Bax-,Bok-",-6105,2nd,20mM Sodium Butyrate,3,1.84,0.12,1.02,0.06,0.821,0.077,0.554,0.017,14.3,11.31
BC2,"Bax-,Bok-",-6105,1st,20mM Sodium Butyrate,3,2.15,0.09,1.19,0.06,0.952,0.032,0.556,0.004,15.72,12.45
BC2,"Bax-,Bok-",-6105,2nd,15ug/mL Puromycin,3,4.01,0.45,1.91,0.15,2.103,0.385,0.476,0.046,12.52,11.11
BC2,"Bax-,Bok-",-6105,1st,15ug/mL Puromycin,3,4.3,0.02,2.33,0.18,1.963,0.177,0.543,0.041,12.8,11.71
BC3,"Bax-,Bok-",-6212,2nd,15ug/mL Puromycin,3,3.43,0.15,0.28,0.08,3.147,0.078,0.082,0.019,12.15,10.92
BC3,"Bax-,Bok-",-6212,1st,15ug/mL Puromycin,3,3.37,0.11,0.4,0.1,2.967,0.129,0.119,0.028,12.45,11.52
BC3,"Bax-,Bok-",-6212,1st,20mM Sodium Butyrate,3,1.41,0.24,0.99,0.17,0.418,0.067,0.702,0.005,15.25,11.66
BC3,"Bax-,Bok-",-6212,2nd,20mM Sodium Butyrate,3,1.93,0.17,1.48,0.17,0.447,0.036,0.768,0.026,14.81,11.49
X1,Empty,-5703,2nd,15ug/mL Puromycin,3,2.99,0.38,0.1,0.05,2.893,0.386,0.033,0.019,12.33,10.12
X1,Empty,-5703,1st,15ug/mL Puromycin,3,3.36,0.26,0.33,0.06,3.038,0.247,0.097,0.018,12.29,11.31
X1,Empty,-5703,2nd,20mM Sodium Butyrate,3,1.5,0.03,0.9,0.03,0.626,0.038,0.601,0.01,16.07,12.26
X1,Empty,-5703,1st,20mM Sodium Butyrate,3,1.69,0.13,1.02,0.08,0.661,0.07,0.606,0.022,14.56,12.02
X1,Empty,-5703,1st,7.5uM Tunicamycin,3,3.88,0.34,1.59,0.23,2.293,0.46,0.409,0.046,13.74,12.03
X1,Empty,-5703,2nd,7.5um Brefeldin A,3,3.66,0.34,1.63,0.24,2.033,0.418,0.445,0.05,14.24,12.01
X1,Empty,-5703,2nd,7.5uM Tunicamycin,3,4.2,0.32,1.68,0.27,2.517,0.529,0.401,0.053,13.58,11.91
X1,Empty,-5703,1st,7.5um Brefeldin A,3,3.77,0.33,1.83,0.24,1.942,0.363,0.485,0.049,14.11,12.15
X2,Empty,-6161,1st,15ug/mL Puromycin,3,3.23,0.27,0.31,0.05,2.923,0.244,0.095,0.015,12.83,12.11
X2,Empty,-6161,2nd,15ug/mL Puromycin,3,3.31,0.15,0.39,0.14,2.923,0.059,0.116,0.037,13.21,12.05
X2,Empty,-6161,1st,7.5uM Tunicamycin,3,3.81,0.42,1.13,0.23,2.683,0.731,0.296,0.048,13.94,12.61
X2,Empty,-6161,2nd,7.5uM Tunicamycin,3,3.78,0.36,1.22,0.21,2.555,0.654,0.324,0.052,13.95,12.45
X2,Empty,-6161,2nd,20mM Sodium Butyrate,3,1.86,0.2,1.43,0.17,0.433,0.043,0.768,0.013,14.76,11.03
X2,Empty,-6161,2nd,7.5um Brefeldin A,3,3.81,0.35,1.47,0.25,2.341,0.52,0.386,0.05,13.97,11.94
X2,Empty,-6161,1st,7.5um Brefeldin A,3,3.52,0.37,1.66,0.27,1.86,0.412,0.472,0.054,13.89,12.26
X2,Empty,-6161,1st,20mM Sodium Butyrate,3,2.22,0.25,1.81,0.22,0.412,0.033,0.814,0.01,15.14,11.71
X3,Empty,-6251,1st,15ug/mL Puromycin,3,2.96,0.25,0.18,0.07,2.78,0.196,0.059,0.019,12.1,11.15
X3,Empty,-6251,2nd,15ug/mL Puromycin,3,3.69,0.31,0.24,0.03,3.447,0.289,0.065,0.006,12.13,11.03
X3,Empty,-6251,2nd,7.5um Brefeldin A,3,3.37,0.37,0.5,0.14,2.866,1.053,0.15,0.039,12.63,11.94
X3,Empty,-6251,1st,7.5um Brefeldin A,3,3.58,0.37,0.59,0.15,2.993,1.028,0.164,0.039,12.32,11.74
X3,Empty,-6251,1st,7.5uM Tunicamycin,3,3.71,0.35,0.9,0.18,2.814,0.8,0.241,0.046,13.37,12.31
X3,Empty,-6251,2nd,7.5uM Tunicamycin,3,3.74,0.37,0.93,0.21,2.807,0.891,0.249,0.054,13.25,12.37
X3,Empty,-6251,1st,20mM Sodium Butyrate,3,1.91,0.06,1.08,0.03,0.829,0.033,0.565,0.001,14.83,12.03
X3,Empty,-6251,2nd,20mM Sodium Butyrate,3,2.54,0.12,1.46,0.09,1.089,0.168,0.573,0.051,14.26,11.37
O,None,Parental,1st,15ug/mL Puromycin,3,2.53,0.08,0.19,0.05,2.34,0.106,0.076,0.021,12.93,12.16
O,None,Parental,2nd,15ug/mL Puromycin,3,2.83,0.26,0.25,0.05,2.573,0.241,0.09,0.016,12.57,12.12
O,None,Parental,2nd,20mM Sodium Butyrate,3,2,0.02,1.02,0.1,0.982,0.117,0.509,0.054,13.71,10.69
O,None,Parental,1st,7.5um Brefeldin A,3,3.68,0.42,1.08,0.22,2.598,0.743,0.294,0.051,13.75,11.96
O,None,Parental,1st,20mM Sodium Butyrate,3,2.08,0.11,1.13,0.07,0.946,0.043,0.543,0.012,14.43,11.44
O,None,Parental,2nd,7.5um Brefeldin A,3,3.84,0.38,1.17,0.24,2.668,0.718,0.305,0.052,13.91,12.05
O,None,Parental,1st,7.5uM Tunicamycin,3,4.13,0.36,2.06,0.26,2.073,0.384,0.498,0.048,13.77,11.58
O,None,Parental,2nd,7.5uM Tunicamycin,3,4.11,0.39,2.33,0.32,1.778,0.339,0.567,0.054,14.07,11.61
AB3,"Bak-,Bax-",-6134,2nd,20mM Sodium Butyrate,3,1.12,0.05,1.1,0.04,0.014,0.019,0.988,0.013,15.31,16.15
AB3,"Bak-,Bax-",-6134,1st,20mM Sodium Butyrate,3,1.38,0.1,1.37,0.1,0.014,0.003,0.99,0.004,14.9,12.43
AB3,"Bak-,Bax-",-6134,1st,15ug/mL Puromycin,3,2.65,0.18,1.92,0.13,0.733,0.056,0.722,0.008,13.03,12.83
AB3,"Bak-,Bax-",-6134,2nd,15ug/mL Puromycin,3,3.01,0.2,2.06,0.12,0.945,0.143,0.685,0.032,13.04,11.87
AB3,"Bak-,Bax-",-6134,2nd,7.5um Brefeldin A,3,3.44,0.36,3.35,0.35,0.088,0.011,0.975,0.019,15.23,13.67
AB3,"Bak-,Bax-",-6134,2nd,7.5uM Tunicamycin,3,3.7,0.36,3.62,0.35,0.078,0.009,0.979,0.017,15.46,14.01
AB3,"Bak-,Bax-",-6134,1st,7.5uM Tunicamycin,3,3.74,0.35,3.66,0.34,0.08,0.009,0.979,0.015,15.94,13.53
AB3,"Bak-,Bax-",-6134,1st,7.5um Brefeldin A,3,3.81,0.4,3.76,0.4,0.055,0.007,0.986,0.012,15.24,11.72
C1,Bok-,-5740,1st,15ug/mL Puromycin,3,2.83,0.22,0.18,0.03,2.645,0.222,0.064,0.01,12.99,12.27
C1,Bok-,-5740,2nd,15ug/mL Puromycin,3,2.69,0.22,0.22,0.1,2.477,0.185,0.08,0.034,12.29,11.51
C1,Bok-,-5740,2nd,20mM Sodium Butyrate,3,1.75,0.15,0.78,0.06,0.964,0.187,0.448,0.068,14.17,11.34
C1,Bok-,-5740,1st,20mM Sodium Butyrate,3,1.9,0.24,0.99,0.17,0.905,0.078,0.523,0.025,14.39,11.83
C1,Bok-,-5740,1st,7.5um Brefeldin A,3,3.86,0.34,1.32,0.21,2.545,0.579,0.341,0.047,13.83,11.85
C1,Bok-,-5740,2nd,7.5um Brefeldin A,3,3.56,0.37,1.39,0.25,2.173,0.525,0.39,0.054,13.9,11.98
C1,Bok-,-5740,1st,7.5uM Tunicamycin,3,3.96,0.37,2.25,0.28,1.708,0.311,0.569,0.05,14.22,11.78
C1,Bok-,-5740,2nd,7.5uM Tunicamycin,3,4.01,0.39,2.5,0.29,1.513,0.272,0.623,0.052,14.19,11.57
C2,Bok-,-6065,1st,15ug/mL Puromycin,3,2.34,0.19,0.06,0.03,2.277,0.194,0.026,0.014,13.06,12.12
C2,Bok-,-6065,2nd,15ug/mL Puromycin,3,3.02,0.14,0.21,0.03,2.8,0.125,0.073,0.01,12.75,12.58
C2,Bok-,-6065,1st,20mM Sodium Butyrate,3,1.7,0.05,0.78,0.06,0.919,0.071,0.459,0.035,14.43,11.99
C2,Bok-,-6065,2nd,20mM Sodium Butyrate,3,2.27,0.13,0.8,0.19,1.465,0.194,0.353,0.08,13.1,10.2
C2,Bok-,-6065,2nd,7.5um Brefeldin A,3,3.18,0.38,1.3,0.23,1.884,0.45,0.408,0.049,14.11,12.26
C2,Bok-,-6065,1st,7.5um Brefeldin A,3,3.73,0.41,1.37,0.22,2.363,0.567,0.366,0.048,14.13,12.11
C2,Bok-,-6065,1st,7.5uM Tunicamycin,3,3.91,0.36,1.41,0.2,2.5,0.528,0.361,0.043,13.8,12.2
C2,Bok-,-6065,2nd,7.5uM Tunicamycin,3,3.82,0.39,1.72,0.26,2.103,0.446,0.449,0.049,13.86,12.02
C3,Bok-,-6311,1st,15ug/mL Puromycin,3,2.44,0.23,0.17,0.04,2.265,0.201,0.071,0.011,13.21,12.39
C3,Bok-,-6311,2nd,15ug/mL Puromycin,3,2.64,0.2,0.23,0.05,2.413,0.143,0.087,0.013,13.56,12.23
C3,Bok-,-6311,1st,20mM Sodium Butyrate,3,1.15,0.06,0.62,0.01,0.532,0.05,0.539,0.022,15.23,11.65
C3,Bok-,-6311,2nd,20mM Sodium Butyrate,3,1.2,0.12,0.62,0.13,0.572,0.059,0.52,0.062,14.48,11.5
C3,Bok-,-6311,2nd,7.5um Brefeldin A,3,3.25,0.35,1.38,0.23,1.866,0.444,0.426,0.055,13.42,11.71
C3,Bok-,-6311,1st,7.5um Brefeldin A,3,3.73,0.4,1.56,0.23,2.173,0.471,0.417,0.046,13.79,11.9
C3,Bok-,-6311,1st,7.5uM Tunicamycin,3,3.87,0.44,2.02,0.34,1.855,0.432,0.521,0.062,13.81,11.04
C3,Bok-,-6311,2nd,7.5uM Tunicamycin,3,3.88,0.34,2.26,0.3,1.623,0.309,0.582,0.059,13.97,11.05
A1,Bak-,-5994,1st,20mM Sodium Butyrate,3,1.08,0.13,0.73,0.11,0.356,0.044,0.67,0.041,14.04,12.11
A1,Bak-,-5994,2nd,15ug/mL Puromycin,3,2.56,0.21,0.76,0.1,1.798,0.188,0.297,0.035,12.34,11.88
A1,Bak-,-5994,2nd,20mM Sodium Butyrate,3,1.53,0.28,0.92,0.24,0.604,0.081,0.605,0.063,12.61,10.87
A1,Bak-,-5994,1st,15ug/mL Puromycin,3,2.9,0.1,1.03,0.07,1.87,0.115,0.356,0.027,13.27,12.34
A2,Bak-,-6263,2nd,20mM Sodium Butyrate,3,1.49,0.12,1.03,0.13,0.465,0.025,0.689,0.039,13.94,11.82
A2,Bak-,-6263,2nd,15ug/mL Puromycin,3,2.59,0.09,1.27,0.11,1.32,0.133,0.491,0.045,13.37,12.15
A2,Bak-,-6263,1st,15ug/mL Puromycin,3,3.33,0.04,1.39,0.13,1.937,0.146,0.418,0.04,12.61,11.65
A2,Bak-,-6263,1st,20mM Sodium Butyrate,3,2.21,0.31,1.65,0.23,0.57,0.086,0.745,0.012,13.68,11.6
A3,Bak-,-6303,2nd,20mM Sodium Butyrate,3,1.31,0.1,0.95,0.06,0.354,0.042,0.726,0.018,14.31,11.71
A3,Bak-,-6303,2nd,15ug/mL Puromycin,3,2.67,0.34,0.96,0.18,1.713,0.171,0.359,0.025,13.85,12.61
A3,Bak-,-6303,1st,20mM Sodium Butyrate,3,1.36,0.16,1.01,0.16,0.352,0.029,0.741,0.038,14.27,11.72
A3,Bak-,-6303,1st,15ug/mL Puromycin,3,3.15,0.03,1.29,0.05,1.86,0.036,0.409,0.013,13.98,13.26
B1,Bax-,-6109,1st,15ug/mL Puromycin,3,3.19,0.32,0.68,0.09,2.518,0.267,0.211,0.026,12.87,12.16
B1,Bax-,-6109,2nd,15ug/mL Puromycin,3,3.42,0.3,0.73,0.06,2.687,0.27,0.214,0.015,12.84,11.66
B1,Bax-,-6109,2nd,20mM Sodium Butyrate,3,1.54,0.08,1.09,0.02,0.438,0.095,0.711,0.051,14.73,11.42
B1,Bax-,-6109,1st,20mM Sodium Butyrate,3,1.57,0.07,1.18,0.04,0.398,0.065,0.747,0.035,14.32,11.22
B2,Bax-,-6154,2nd,20mM Sodium Butyrate,3,0.94,0.12,0.66,0.1,0.288,0.035,0.696,0.026,14.7,11.47
B2,Bax-,-6154,1st,15ug/mL Puromycin,3,3.18,0.27,0.67,0.12,2.508,0.296,0.21,0.043,13.39,11.59
B2,Bax-,-6154,2nd,15ug/mL Puromycin,3,3.58,0.3,0.77,0.13,2.813,0.21,0.215,0.023,12.87,11
B2,Bax-,-6154,1st,20mM Sodium Butyrate,3,1.12,0.17,0.82,0.14,0.306,0.046,0.726,0.034,13.77,11.65
B3,Bax-,-6166,1st,15ug/mL Puromycin,3,3.37,0.28,0.24,0.12,3.125,0.336,0.072,0.036,12.82,11.68
B3,Bax-,-6166,2nd,15ug/mL Puromycin,3,3.23,0.16,0.32,0.01,2.907,0.176,0.099,0.009,12.31,11.47
B3,Bax-,-6166,1st,20mM Sodium Butyrate,3,1.64,0.26,0.93,0.19,0.711,0.078,0.566,0.036,14.54,11.42
B3,Bax-,-6166,2nd,20mM Sodium Butyrate,3,1.76,0.14,1.04,0.01,0.723,0.144,0.59,0.049,13.75,10.81
C4,Bok-,-6250,2nd,20mM Sodium Butyrate,3,1.23,0.14,0.61,0.07,0.623,0.072,0.496,0.007,15.28,12.23
C4,Bok-,-6250,1st,20mM Sodium Butyrate,3,1.04,0.08,0.62,0.03,0.424,0.057,0.595,0.022,14.36,11.52
C4,Bok-,-6250,1st,15ug/mL Puromycin,3,3.32,0.2,0.87,0.13,2.453,0.313,0.262,0.053,12.31,10.28
C4,Bok-,-6250,2nd,15ug/mL Puromycin,3,3.3,0.23,0.92,0.04,2.383,0.218,0.279,0.018,12.5,11.19
AB1,"Bak-,Bax-",-6068,2nd,15ug/mL Puromycin,4,3.02,0.18,2.28,0.16,0.3,0.391,0.754,0.019,13.94,11.96
AB1,"Bak-,Bax-",-6068,2nd,20mM Sodium Butyrate,4,2.54,0.16,2.53,0.17,0.012,0.006,0.996,0.004,15.28,11.84
AB1,"Bak-,Bax-",-6068,1st,15ug/mL Puromycin,4,3.53,0.1,2.55,0.04,0.982,0.05,0.722,0.007,14.3,12.69
AB1,"Bak-,Bax-",-6068,1st,20mM Sodium Butyrate,4,2.97,0.17,2.92,0.17,0.051,0.018,0.983,0.006,15.33,10.88
AB1,"Bak-,Bax-",-6068,1st,7.5um Brefeldin A,4,3.86,0.37,3.74,0.37,0.12,0.014,0.969,0.018,15.07,12.85
AB1,"Bak-,Bax-",-6068,2nd,7.5um Brefeldin A,4,4.02,0.37,3.91,0.36,0.109,0.012,0.973,0.017,14.91,12.89
AB1,"Bak-,Bax-",-6068,2nd,7.5uM Tunicamycin,4,4.07,0.41,3.96,0.41,0.112,0.013,0.973,0.016,15.81,11.95
AB1,"Bak-,Bax-",-6068,1st,7.5uM Tunicamycin,4,4.12,0.35,4.02,0.34,0.098,0.01,0.976,0.016,16.04,12.63
AB2,"Bak-,Bax-",-6145,1st,20mM Sodium Butyrate,4,0.56,0.15,0.47,0.15,0.091,0.022,0.838,0.043,15.67,16.21
AB2,"Bak-,Bax-",-6145,2nd,20mM Sodium Butyrate,4,0.56,0.02,0.52,0.03,0.045,0.028,0.92,0.047,14.91,13.7
AB2,"Bak-,Bax-",-6145,2nd,15ug/mL Puromycin,4,3.33,0.26,1.42,0.1,1.918,0.219,0.425,0.031,11.97,11.94
AB2,"Bak-,Bax-",-6145,1st,15ug/mL Puromycin,4,3.21,0.12,1.7,0.12,1.5,0.02,0.531,0.018,12.99,12.32
AB2,"Bak-,Bax-",-6145,2nd,7.5um Brefeldin A,4,3.57,0.38,3.43,0.39,0.133,0.017,0.963,0.022,15.77,13.9
AB2,"Bak-,Bax-",-6145,1st,7.5um Brefeldin A,4,3.64,0.43,3.51,0.42,0.132,0.018,0.964,0.019,15.86,13.09
AB2,"Bak-,Bax-",-6145,2nd,7.5uM Tunicamycin,4,3.79,0.4,3.69,0.39,0.094,0.012,0.975,0.016,15.99,14.13
AB2,"Bak-,Bax-",-6145,1st,7.5uM Tunicamycin,4,3.84,0.32,3.76,0.32,0.083,0.008,0.979,0.015,16.43,13.59
ABC1,"Bak-,Bax-,Bok-",-6077,1st,20mM Sodium Butyrate,4,0.78,0.03,0.72,0.01,0.068,0.029,0.913,0.034,15.61,12.2
ABC1,"Bak-,Bax-,Bok-",-6077,2nd,20mM Sodium Butyrate,4,0.97,0.04,0.95,0.04,0.018,0.006,0.982,0.006,14.17,13.78
ABC1,"Bak-,Bax-,Bok-",-6077,2nd,15ug/mL Puromycin,4,3.26,0.22,2.53,0.2,0.725,0.039,0.778,0.011,12.83,11.95
ABC1,"Bak-,Bax-,Bok-",-6077,1st,15ug/mL Puromycin,4,3.46,0.06,2.78,0.1,0.675,0.042,0.805,0.016,13.42,12.54
ABC1,"Bak-,Bax-,Bok-",-6077,1st,7.5um Brefeldin A,4,3.58,0.39,3.5,0.39,0.081,0.01,0.978,0.017,15.35,12.58
ABC1,"Bak-,Bax-,Bok-",-6077,2nd,7.5uM Tunicamycin,4,3.72,0.34,3.65,0.32,0.073,0.008,0.98,0.015,15.77,11.51
ABC1,"Bak-,Bax-,Bok-",-6077,1st,7.5uM Tunicamycin,4,4.19,0.34,4.12,0.34,0.07,0.007,0.983,0.013,16.1,11.91
ABC1,"Bak-,Bax-,Bok-",-6077,2nd,7.5um Brefeldin A,4,4.27,0.39,4.16,0.39,0.105,0.011,0.976,0.015,15.2,13.53
ABC2,"Bak-,Bax-,Bok-",-6101,1st,20mM Sodium Butyrate,4,0.66,0.06,0.62,0.06,0.238,0.235,0.94,0.009,16.01,15.16
ABC2,"Bak-,Bax-,Bok-",-6101,2nd,20mM Sodium Butyrate,4,0.78,0.03,0.67,0.03,0.107,0.012,0.863,0.013,14.75,13.69
ABC2,"Bak-,Bax-,Bok-",-6101,2nd,15ug/mL Puromycin,4,3.25,0.26,1.22,0.11,2.033,0.16,0.375,0.006,12.73,11.76
ABC2,"Bak-,Bax-,Bok-",-6101,1st,15ug/mL Puromycin,4,2.91,0.08,1.44,0.01,1.47,0.07,0.496,0.013,13.76,12.45
ABC2,"Bak-,Bax-,Bok-",-6101,2nd,7.5um Brefeldin A,4,3.58,0.39,3.44,0.38,0.135,0.017,0.962,0.02,15.99,14.16
ABC2,"Bak-,Bax-,Bok-",-6101,1st,7.5um Brefeldin A,4,3.59,0.34,3.46,0.34,0.137,0.017,0.962,0.023,16,12.52
ABC2,"Bak-,Bax-,Bok-",-6101,2nd,7.5uM Tunicamycin,4,3.98,0.39,3.84,0.37,0.142,0.017,0.964,0.02,16.07,13
ABC2,"Bak-,Bax-,Bok-",-6101,1st,7.5uM Tunicamycin,4,3.98,0.46,3.87,0.47,0.113,0.016,0.972,0.021,16.56,13.3
ABC3,"Bak-,Bax-,Bok-",-6128,2nd,20mM Sodium Butyrate,4,1.63,0.06,1.59,0.04,0.035,0.012,0.98,0.009,14.78,15.17
ABC3,"Bak-,Bax-,Bok-",-6128,1st,15ug/mL Puromycin,4,2.73,0.21,1.76,0.06,0.968,0.152,0.644,0.028,12.98,12.61
ABC3,"Bak-,Bax-,Bok-",-6128,1st,20mM Sodium Butyrate,4,1.93,0.22,1.89,0.21,0.046,0.042,0.977,0.021,15.35,13.58
ABC3,"Bak-,Bax-,Bok-",-6128,2nd,15ug/mL Puromycin,4,3.14,0.31,2.09,0.18,1.048,0.125,0.665,0.011,13.11,12.5
ABC3,"Bak-,Bax-,Bok-",-6128,1st,7.5um Brefeldin A,4,3.85,0.38,3.71,0.38,0.14,0.017,0.964,0.021,14.86,12.1
ABC3,"Bak-,Bax-,Bok-",-6128,1st,7.5uM Tunicamycin,4,3.79,0.35,3.73,0.36,0.067,0.007,0.982,0.016,16.06,12.17
ABC3,"Bak-,Bax-,Bok-",-6128,2nd,7.5um Brefeldin A,4,4.17,0.43,4.01,0.41,0.159,0.02,0.962,0.023,14.64,12.38
ABC3,"Bak-,Bax-,Bok-",-6128,2nd,7.5uM Tunicamycin,4,4.13,0.39,4.04,0.38,0.092,0.01,0.978,0.014,15.71,12.66
AC1,"Bak-,Bok-",-6075,2nd,20mM Sodium Butyrate,4,0.87,0.04,0.48,0.01,0.389,0.039,0.553,0.023,14.99,11.38
AC1,"Bak-,Bok-",-6075,1st,20mM Sodium Butyrate,4,0.89,0.07,0.56,0.02,0.32,0.048,0.638,0.026,15.16,11.69
AC1,"Bak-,Bok-",-6075,1st,15ug/mL Puromycin,4,3.04,0.05,0.6,0.05,2.437,0.015,0.198,0.015,12.45,11.09
AC1,"Bak-,Bok-",-6075,2nd,15ug/mL Puromycin,4,3.13,0.09,0.65,0.06,2.47,0.044,0.21,0.016,12.36,11.07
AC2,"Bak-,Bok-",-6076,1st,15ug/mL Puromycin,4,3.05,0.16,0.29,0.13,2.768,0.039,0.093,0.038,12.46,11.26
AC2,"Bak-,Bok-",-6076,2nd,15ug/mL Puromycin,4,2.92,0.18,0.31,0.02,2.607,0.204,0.107,0.016,12.62,11.79
AC2,"Bak-,Bok-",-6076,2nd,20mM Sodium Butyrate,4,1.19,0.12,0.69,0.06,0.496,0.055,0.58,0.008,15.41,11.45
AC2,"Bak-,Bok-",-6076,1st,20mM Sodium Butyrate,4,1.66,0.03,1.12,0.06,0.536,0.057,0.677,0.033,15.27,12.06
AC3,"Bak-,Bok-",-6080,2nd,15ug/mL Puromycin,4,2.85,0.2,0.47,0.11,2.375,0.257,0.165,0.045,11.5,10.36
AC3,"Bak-,Bok-",-6080,1st,20mM Sodium Butyrate,4,1.19,0.08,0.51,0.06,0.672,0.033,0.433,0.023,14.82,12.99
AC3,"Bak-,Bok-",-6080,1st,15ug/mL Puromycin,4,3.28,0.13,0.61,0.14,2.665,0.037,0.187,0.036,11.66,10.91
BC1,"Bax-,Bok-",-6083,2nd,15ug/mL Puromycin,4,3.2,0.21,0.23,0.04,2.97,0.183,0.071,0.01,13.27,11.76
BC1,"Bax-,Bok-",-6083,1st,15ug/mL Puromycin,4,3.9,0.19,0.39,0.03,3.513,0.182,0.099,0.009,12.31,11.93
BC1,"Bax-,Bok-",-6083,1st,20mM Sodium Butyrate,4,0.85,0.15,0.47,0.08,0.382,0.071,0.551,0.032,14.05,11.13
BC1,"Bax-,Bok-",-6083,2nd,20mM Sodium Butyrate,4,0.95,0.05,0.48,0.01,0.471,0.05,0.506,0.022,13.91,10.8
BC2,"Bax-,Bok-",-6105,2nd,20mM Sodium Butyrate,4,1.25,0.14,0.4,0.04,0.851,0.116,0.32,0.025,14.36,10.89
BC2,"Bax-,Bok-",-6105,2nd,15ug/mL Puromycin,4,3.83,0.19,0.44,0.14,3.397,0.049,0.114,0.032,11.74,10.02
BC2,"Bax-,Bok-",-6105,1st,20mM Sodium Butyrate,4,1.39,0.07,0.45,0.06,0.943,0.061,0.323,0.039,14.28,11.34
BC2,"Bax-,Bok-",-6105,1st,15ug/mL Puromycin,4,4.33,0.06,0.73,0.14,3.593,0.085,0.169,0.029,12.45,10.81
BC3,"Bax-,Bok-",-6212,1st,20mM Sodium Butyrate,4,0.96,0.02,0.5,0.04,0.462,0.028,0.519,0.031,14.19,10.93
BC3,"Bax-,Bok-",-6212,2nd,20mM Sodium Butyrate,4,1.17,0.06,0.68,0.04,0.487,0.032,0.581,0.015,15.36,11.99
X1,Empty,-5703,2nd,15ug/mL Puromycin,4,3.42,0.26,0.05,0.03,3.365,0.259,0.016,0.009,10.81,10.55
X1,Empty,-5703,2nd,20mM Sodium Butyrate,4,1.24,0.15,0.48,0.1,0.754,0.086,0.39,0.046,15.33,11.21
X1,Empty,-5703,1st,20mM Sodium Butyrate,4,1.2,0.03,0.53,0.01,0.672,0.03,0.442,0.013,15.93,12.28
X1,Empty,-5703,1st,7.5uM Tunicamycin,4,3.96,0.33,0.71,0.16,3.246,0.97,0.18,0.039,13.2,11.74
X1,Empty,-5703,2nd,7.5uM Tunicamycin,4,4.23,0.37,0.76,0.19,3.474,1.162,0.179,0.044,13.18,11.53
X1,Empty,-5703,2nd,7.5um Brefeldin A,4,3.62,0.34,0.99,0.19,2.632,0.672,0.273,0.044,14.8,12.09
X1,Empty,-5703,1st,7.5um Brefeldin A,4,3.72,0.38,1.03,0.23,2.691,0.717,0.277,0.045,14.51,12.18
X2,Empty,-6161,1st,7.5uM Tunicamycin,4,3.9,0.37,0.41,0.15,3.485,1.481,0.106,0.035,12.48,12.19
X2,Empty,-6161,2nd,7.5uM Tunicamycin,4,3.8,0.38,0.44,0.14,3.362,1.299,0.115,0.033,12.98,12.09
X2,Empty,-6161,2nd,7.5um Brefeldin A,4,3.97,0.38,0.85,0.19,3.124,0.904,0.213,0.041,14.17,11.58
X2,Empty,-6161,2nd,20mM Sodium Butyrate,4,1.53,0.08,0.88,0.02,0.649,0.077,0.576,0.029,14.69,11.02
X2,Empty,-6161,1st,7.5um Brefeldin A,4,3.63,0.39,0.91,0.19,2.724,0.824,0.25,0.049,14.32,12.04
X2,Empty,-6161,1st,20mM Sodium Butyrate,4,1.87,0.05,1.21,0.09,0.66,0.096,0.646,0.047,14.27,11.46
X3,Empty,-6251,2nd,15ug/mL Puromycin,4,3.42,0.24,0.09,0.02,3.333,0.237,0.025,0.006,12.69,11.7
X3,Empty,-6251,1st,7.5uM Tunicamycin,4,3.45,0.39,0.35,0.12,3.104,1.423,0.1,0.035,10.91,11.89
X3,Empty,-6251,1st,7.5um Brefeldin A,4,3.51,0.34,0.38,0.13,3.13,1.27,0.108,0.033,11.85,11.69
X3,Empty,-6251,1st,20mM Sodium Butyrate,4,1.4,0.06,0.4,0.02,1.009,0.062,0.281,0.017,13.72,11.14
X3,Empty,-6251,2nd,7.5uM Tunicamycin,4,3.71,0.35,0.42,0.14,3.292,1.326,0.113,0.035,10.93,11.98
X3,Empty,-6251,2nd,20mM Sodium Butyrate,4,2.41,0.05,0.82,0.04,1.593,0.031,0.34,0.01,14.52,11.38
O,None,Parental,2nd,20mM Sodium Butyrate,4,1.43,0.06,0.37,0.04,1.059,0.097,0.26,0.038,14.37,11.29
O,None,Parental,1st,7.5um Brefeldin A,4,3.6,0.37,0.65,0.15,2.953,0.954,0.18,0.04,13.53,11.74
O,None,Parental,2nd,7.5um Brefeldin A,4,3.89,0.32,0.72,0.17,3.17,0.914,0.185,0.038,13.64,12.06
O,None,Parental,1st,20mM Sodium Butyrate,4,1.97,0.14,0.74,0.08,1.228,0.178,0.376,0.056,14.4,11.28
O,None,Parental,1st,7.5uM Tunicamycin,4,4.41,0.44,0.87,0.22,3.54,1.092,0.197,0.041,13.4,11.56
O,None,Parental,2nd,7.5uM Tunicamycin,4,4.04,0.36,1.05,0.21,2.992,0.801,0.259,0.046,13.74,11.52
AB3,"Bak-,Bax-",-6134,1st,20mM Sodium Butyrate,4,0.6,0.11,0.55,0.1,0.047,0.024,0.921,0.034,15.39,16
AB3,"Bak-,Bax-",-6134,2nd,20mM Sodium Butyrate,4,0.88,0.04,0.76,0.06,0.115,0.029,0.864,0.029,15.48,13.46
AB3,"Bak-,Bax-",-6134,1st,15ug/mL Puromycin,4,2.83,0.04,0.78,0.07,2.05,0.05,0.276,0.023,12.64,11.94
AB3,"Bak-,Bax-",-6134,2nd,15ug/mL Puromycin,4,3.09,0.2,1.05,0.09,2.038,0.177,0.341,0.028,12.63,11.66
AB3,"Bak-,Bax-",-6134,2nd,7.5um Brefeldin A,4,3.39,0.35,3.25,0.34,0.138,0.017,0.959,0.024,15.6,14.14
AB3,"Bak-,Bax-",-6134,1st,7.5um Brefeldin A,4,3.65,0.45,3.47,0.43,0.177,0.027,0.952,0.026,15.41,14.46
AB3,"Bak-,Bax-",-6134,1st,7.5uM Tunicamycin,4,3.7,0.41,3.57,0.41,0.127,0.017,0.966,0.022,16.35,13.54
AB3,"Bak-,Bax-",-6134,2nd,7.5uM Tunicamycin,4,3.94,0.38,3.81,0.37,0.127,0.015,0.968,0.019,15.75,13.96
C1,Bok-,-5740,2nd,20mM Sodium Butyrate,4,1.26,0.07,0.29,0.05,0.972,0.022,0.231,0.033,13.07,10.52
C1,Bok-,-5740,1st,20mM Sodium Butyrate,4,1.68,0.1,0.52,0.07,1.16,0.072,0.31,0.034,14.94,12.25
C1,Bok-,-5740,1st,7.5um Brefeldin A,4,3.89,0.36,0.81,0.16,3.082,0.843,0.208,0.038,13.79,11.73
C1,Bok-,-5740,2nd,7.5um Brefeldin A,4,3.75,0.38,0.93,0.19,2.82,0.806,0.248,0.046,14.23,11.96
C1,Bok-,-5740,1st,7.5uM Tunicamycin,4,3.97,0.37,1.17,0.22,2.804,0.71,0.294,0.047,14.61,11.79
C1,Bok-,-5740,2nd,7.5uM Tunicamycin,4,3.88,0.4,1.29,0.24,2.592,0.631,0.332,0.047,14.53,11.63
C2,Bok-,-6065,1st,7.5uM Tunicamycin,4,3.97,0.4,0.38,0.14,3.593,1.575,0.095,0.032,12.38,11.91
C2,Bok-,-6065,2nd,20mM Sodium Butyrate,4,1.78,0.06,0.47,0.04,1.31,0.079,0.264,0.026,12.59,10.8
C2,Bok-,-6065,1st,20mM Sodium Butyrate,4,1.74,0.08,0.47,0.09,1.27,0.01,0.269,0.037,13.11,11.12
C2,Bok-,-6065,2nd,7.5uM Tunicamycin,4,3.95,0.34,0.5,0.16,3.454,1.321,0.126,0.037,13.12,11.76
C2,Bok-,-6065,1st,7.5um Brefeldin A,4,3.8,0.38,0.67,0.17,3.131,1.07,0.176,0.042,14.22,11.93
C2,Bok-,-6065,2nd,7.5um Brefeldin A,4,3.19,0.34,0.71,0.18,2.475,0.815,0.224,0.05,14.63,12.38
C3,Bok-,-6311,2nd,7.5um Brefeldin A,4,3.26,0.35,0.62,0.14,2.644,0.821,0.189,0.039,13.94,11.68
C3,Bok-,-6311,1st,7.5um Brefeldin A,4,3.79,0.38,0.68,0.16,3.108,0.969,0.18,0.038,13.74,11.85
C3,Bok-,-6311,1st,7.5uM Tunicamycin,4,3.99,0.41,1.03,0.22,2.963,0.807,0.257,0.044,13.96,11.16
C3,Bok-,-6311,2nd,7.5uM Tunicamycin,4,3.84,0.34,1.23,0.22,2.61,0.629,0.32,0.049,14.2,11.12
A1,Bak-,-5994,2nd,15ug/mL Puromycin,4,2.77,0.12,0.29,0.08,2.46,0.061,0.104,0.026,11.68,11.57
A1,Bak-,-5994,1st,15ug/mL Puromycin,4,2.94,0.23,0.32,0.04,2.618,0.23,0.11,0.015,12.76,11.73
A1,Bak-,-5994,2nd,20mM Sodium Butyrate,4,1.43,0.16,0.49,0.07,0.93,0.112,0.346,0.029,11.2,10.28
A2,Bak-,-6263,1st,15ug/mL Puromycin,4,2.75,0.07,0.42,0.08,2.323,0.025,0.156,0.027,12.91,11.37
A2,Bak-,-6263,1st,20mM Sodium Butyrate,4,1.35,0.05,0.55,0.05,0.8,0.068,0.409,0.037,14.44,12.29
A2,Bak-,-6263,2nd,20mM Sodium Butyrate,4,1.53,0.23,0.62,0.09,0.903,0.173,0.409,0.048,10.78,9.52
A2,Bak-,-6263,2nd,15ug/mL Puromycin,4,2.57,0.07,0.7,0.12,1.867,0.049,0.273,0.038,12.45,11.94
A3,Bak-,-6303,1st,15ug/mL Puromycin,4,2.81,0.16,0.37,0.02,2.44,0.183,0.133,0.016,13.65,12.55
A3,Bak-,-6303,1st,20mM Sodium Butyrate,4,1.07,0.11,0.46,0.08,0.607,0.052,0.433,0.035,14.05,11.94
A3,Bak-,-6303,2nd,20mM Sodium Butyrate,4,1.47,0.08,0.54,0.06,0.931,0.08,0.369,0.04,10.77,8.29
A3,Bak-,-6303,2nd,15ug/mL Puromycin,4,3.03,0.05,0.6,0.04,2.427,0.07,0.199,0.015,12.65,12.37
B1,Bax-,-6109,1st,20mM Sodium Butyrate,4,1.12,0.16,0.58,0.07,0.534,0.087,0.52,0.013,14.19,11.37
B1,Bax-,-6109,2nd,20mM Sodium Butyrate,4,1.23,0.09,0.59,0.05,0.639,0.072,0.478,0.031,12.72,9.88
B2,Bax-,-6154,2nd,15ug/mL Puromycin,4,3.35,0.11,0.33,0.04,3.02,0.087,0.099,0.011,11.44,10.26
B2,Bax-,-6154,1st,20mM Sodium Butyrate,4,0.98,0.12,0.41,0.06,0.561,0.061,0.424,0.014,14.44,11.9
B3,Bax-,-6166,1st,20mM Sodium Butyrate,4,1.03,0.08,0.3,0.04,0.727,0.04,0.294,0.014,13.87,10.82
B3,Bax-,-6166,2nd,20mM Sodium Butyrate,4,1.48,0.06,0.41,0.01,1.063,0.061,0.279,0.013,10.15,8.72
C4,Bok-,-6250,2nd,15ug/mL Puromycin,4,3.63,0.31,0.38,0.04,3.198,0.351,0.104,0.015,11.67,11.27
C4,Bok-,-6250,1st,15ug/mL Puromycin,4,3.56,0.14,0.38,0.09,3.18,0.108,0.108,0.02,12.65,10.86
AB1,"Bak-,Bax-",-6068,1st,15ug/mL Puromycin,5,3.18,0.22,1.4,0.04,1.78,0.225,0.441,0.032,12.7,11.94
AB1,"Bak-,Bax-",-6068,2nd,15ug/mL Puromycin,5,2.97,0.24,1.41,0.09,1.55,0.167,0.476,0.017,12.53,11.41
AB1,"Bak-,Bax-",-6068,2nd,20mM Sodium Butyrate,5,1.68,0.09,1.66,0.09,0.021,0.014,0.986,0.007,15.35,13.55
AB1,"Bak-,Bax-",-6068,1st,20mM Sodium Butyrate,5,2.31,0.19,2.27,0.18,0.033,0.012,0.984,0.004,15.02,11.35
AB1,"Bak-,Bax-",-6068,1st,7.5um Brefeldin A,5,3.93,0.43,3.7,0.39,0.23,0.032,0.941,0.029,15.24,12.66
AB1,"Bak-,Bax-",-6068,2nd,7.5uM Tunicamycin,5,4.02,0.42,3.82,0.4,0.197,0.025,0.951,0.023,15.87,13.26
AB1,"Bak-,Bax-",-6068,2nd,7.5um Brefeldin A,5,4.19,0.47,3.97,0.46,0.228,0.033,0.946,0.03,15.25,12.17
AB1,"Bak-,Bax-",-6068,1st,7.5uM Tunicamycin,5,4.17,0.36,3.98,0.36,0.195,0.021,0.953,0.021,16.04,12.62
AB2,"Bak-,Bax-",-6145,2nd,15ug/mL Puromycin,5,3.21,0.38,0.66,0.05,2.55,0.414,0.206,0.036,11.78,11.14
AB2,"Bak-,Bax-",-6145,1st,15ug/mL Puromycin,5,3.03,0.22,0.7,0.1,2.337,0.157,0.229,0.022,12.2,11.44
AB2,"Bak-,Bax-",-6145,1st,7.5um Brefeldin A,5,3.65,0.44,3.36,0.41,0.291,0.046,0.92,0.034,16.09,13.91
AB2,"Bak-,Bax-",-6145,2nd,7.5um Brefeldin A,5,3.71,0.38,3.4,0.36,0.312,0.043,0.916,0.032,15.93,13.92
AB2,"Bak-,Bax-",-6145,1st,7.5uM Tunicamycin,5,3.88,0.39,3.69,0.39,0.194,0.025,0.95,0.026,16.47,13.9
AB2,"Bak-,Bax-",-6145,2nd,7.5uM Tunicamycin,5,4.07,0.44,3.88,0.43,0.188,0.025,0.954,0.022,16.07,14.51
ABC1,"Bak-,Bax-,Bok-",-6077,2nd,20mM Sodium Butyrate,5,0.46,0.06,0.44,0.06,0.018,0.013,0.961,0.025,14.14,63.36
ABC1,"Bak-,Bax-,Bok-",-6077,2nd,15ug/mL Puromycin,5,3.35,0.32,1.47,0.12,1.88,0.242,0.439,0.027,12.01,11.67
ABC1,"Bak-,Bax-,Bok-",-6077,1st,15ug/mL Puromycin,5,3.34,0.2,1.56,0.16,1.777,0.032,0.468,0.023,12.24,11.68
ABC1,"Bak-,Bax-,Bok-",-6077,1st,7.5um Brefeldin A,5,3.63,0.42,3.45,0.39,0.178,0.026,0.951,0.03,15.62,13.13
ABC1,"Bak-,Bax-,Bok-",-6077,2nd,7.5uM Tunicamycin,5,3.89,0.36,3.75,0.35,0.135,0.015,0.965,0.019,16.03,14.9
ABC1,"Bak-,Bax-,Bok-",-6077,2nd,7.5um Brefeldin A,5,4.33,0.38,4.05,0.38,0.279,0.034,0.936,0.031,15.42,13
ABC1,"Bak-,Bax-,Bok-",-6077,1st,7.5uM Tunicamycin,5,4.44,0.38,4.3,0.38,0.136,0.014,0.969,0.017,16.16,13.99
ABC2,"Bak-,Bax-,Bok-",-6101,1st,15ug/mL Puromycin,5,2.75,0.29,0.63,0.14,2.123,0.268,0.228,0.046,13.1,11.64
ABC2,"Bak-,Bax-,Bok-",-6101,2nd,15ug/mL Puromycin,5,3.37,0.27,0.63,0.05,2.738,0.238,0.188,0.011,12.82,11.57
ABC2,"Bak-,Bax-,Bok-",-6101,1st,7.5um Brefeldin A,5,3.62,0.36,3.3,0.33,0.32,0.043,0.912,0.031,16.09,13.94
ABC2,"Bak-,Bax-,Bok-",-6101,2nd,7.5um Brefeldin A,5,3.69,0.37,3.3,0.36,0.392,0.054,0.894,0.035,15.91,13.84
ABC2,"Bak-,Bax-,Bok-",-6101,2nd,7.5uM Tunicamycin,5,3.99,0.43,3.73,0.4,0.262,0.035,0.934,0.025,16.13,14.32
ABC2,"Bak-,Bax-,Bok-",-6101,1st,7.5uM Tunicamycin,5,4.04,0.41,3.78,0.37,0.268,0.035,0.934,0.029,16.51,13.91
ABC3,"Bak-,Bax-,Bok-",-6128,1st,15ug/mL Puromycin,5,2.7,0.2,1.04,0.03,1.667,0.219,0.383,0.038,11.78,11.29
ABC3,"Bak-,Bax-,Bok-",-6128,2nd,20mM Sodium Butyrate,5,1.28,0.08,1.23,0.05,0.047,0.033,0.961,0.025,14.94,12.79
ABC3,"Bak-,Bax-,Bok-",-6128,2nd,15ug/mL Puromycin,5,3.13,0.31,1.29,0.17,1.838,0.155,0.413,0.015,11.68,11.02
ABC3,"Bak-,Bax-,Bok-",-6128,1st,20mM Sodium Butyrate,5,1.55,0.07,1.52,0.07,0.031,0.003,0.978,0.003,15.29,11.75
ABC3,"Bak-,Bax-,Bok-",-6128,1st,7.5uM Tunicamycin,5,3.93,0.39,3.79,0.38,0.14,0.017,0.964,0.019,16.08,13.52
ABC3,"Bak-,Bax-,Bok-",-6128,1st,7.5um Brefeldin A,5,4.07,0.39,3.8,0.38,0.266,0.032,0.935,0.025,14.93,13.18
ABC3,"Bak-,Bax-,Bok-",-6128,2nd,7.5uM Tunicamycin,5,3.98,0.38,3.81,0.35,0.172,0.02,0.957,0.022,15.83,13.37
ABC3,"Bak-,Bax-,Bok-",-6128,2nd,7.5um Brefeldin A,5,4.2,0.39,3.9,0.37,0.3,0.039,0.929,0.035,14.71,12.04
AC2,"Bak-,Bok-",-6076,1st,20mM Sodium Butyrate,5,1.36,0.03,0.65,0.03,0.714,0.05,0.476,0.027,14.7,11.25
X1,Empty,-5703,2nd,7.5uM Tunicamycin,5,4.18,0.45,0.5,0.17,3.682,1.496,0.119,0.036,13.03,11.18
X1,Empty,-5703,2nd,7.5um Brefeldin A,5,3.73,0.37,0.62,0.15,3.111,0.972,0.166,0.036,14.53,11.99
X1,Empty,-5703,1st,7.5um Brefeldin A,5,3.89,0.38,0.72,0.17,3.174,1.015,0.184,0.041,14.23,12.07
X2,Empty,-6161,1st,20mM Sodium Butyrate,5,1.3,0.13,0.47,0.05,0.833,0.087,0.361,0.008,13.82,11.48
X2,Empty,-6161,2nd,20mM Sodium Butyrate,5,1.51,0.12,0.73,0.12,0.776,0.049,0.484,0.052,14.93,11.66
X2,Empty,-6161,1st,7.5um Brefeldin A,5,3.7,0.38,0.73,0.14,2.969,0.916,0.198,0.041,14.33,11.82
X2,Empty,-6161,2nd,7.5um Brefeldin A,5,4.16,0.36,0.74,0.18,3.42,1.06,0.178,0.04,14.24,11.5
X3,Empty,-6251,1st,7.5um Brefeldin A,5,3.55,0.35,0.32,0.11,3.227,1.435,0.091,0.032,11,11.68
X3,Empty,-6251,2nd,20mM Sodium Butyrate,5,2.12,0.06,0.39,0.06,1.737,0.112,0.182,0.033,14.23,10.87
O,None,Parental,1st,7.5uM Tunicamycin,5,4.32,0.39,0.51,0.15,3.813,1.411,0.117,0.033,13.26,11.3
O,None,Parental,2nd,7.5uM Tunicamycin,5,3.99,0.4,0.61,0.17,3.383,1.192,0.152,0.038,13.29,11.24
AB3,"Bak-,Bax-",-6134,1st,15ug/mL Puromycin,5,2.54,0.3,0.32,0.07,2.273,0.182,0.104,0.072,12.84,12.05
AB3,"Bak-,Bax-",-6134,2nd,20mM Sodium Butyrate,5,0.79,0.06,0.51,0.02,0.283,0.063,0.642,0.059,14.06,13.39
AB3,"Bak-,Bax-",-6134,2nd,15ug/mL Puromycin,5,2.9,0.03,0.61,0.08,2.297,0.078,0.209,0.027,13.63,12.35
AB3,"Bak-,Bax-",-6134,2nd,7.5um Brefeldin A,5,3.3,0.38,3,0.34,0.306,0.049,0.907,0.04,15.9,13.88
AB3,"Bak-,Bax-",-6134,1st,7.5um Brefeldin A,5,3.56,0.39,3.13,0.38,0.428,0.068,0.88,0.044,15.72,14.39
AB3,"Bak-,Bax-",-6134,1st,7.5uM Tunicamycin,5,3.87,0.38,3.64,0.37,0.227,0.028,0.941,0.026,16.34,13.82
AB3,"Bak-,Bax-",-6134,2nd,7.5uM Tunicamycin,5,3.85,0.36,3.66,0.34,0.192,0.024,0.95,0.028,15.97,13.39
C1,Bok-,-5740,1st,7.5um Brefeldin A,5,3.8,0.39,0.66,0.17,3.14,1.029,0.174,0.039,13.84,11.58
C1,Bok-,-5740,2nd,7.5um Brefeldin A,5,3.7,0.37,0.71,0.17,2.991,0.935,0.192,0.041,14.1,11.77
C1,Bok-,-5740,2nd,7.5uM Tunicamycin,5,3.72,0.32,0.75,0.19,2.972,0.984,0.201,0.049,14.55,11.46
C1,Bok-,-5740,1st,7.5uM Tunicamycin,5,4.08,0.44,0.76,0.19,3.324,1.151,0.185,0.044,14.95,11.62
C3,Bok-,-6311,1st,7.5uM Tunicamycin,5,4.04,0.35,0.51,0.13,3.535,1.193,0.125,0.031,13.58,11.09
C3,Bok-,-6311,2nd,7.5uM Tunicamycin,5,3.86,0.38,0.69,0.2,3.17,1.128,0.179,0.046,13.81,11.02
AB1,"Bak-,Bax-",-6068,2nd,15ug/mL Puromycin,6,2.77,0.34,0.68,0.08,2.095,0.266,0.245,0.012,11.64,11.02
AB1,"Bak-,Bax-",-6068,1st,15ug/mL Puromycin,6,3.2,0.13,0.89,0.1,2.305,0.163,0.28,0.033,13.14,12.12
AB1,"Bak-,Bax-",-6068,2nd,20mM Sodium Butyrate,6,1.2,0.09,1.13,0.06,0.065,0.026,0.942,0.017,14.95,14.21
AB1,"Bak-,Bax-",-6068,2nd,7.5uM Tunicamycin,6,3.89,0.38,3.53,0.36,0.358,0.05,0.908,0.038,15.99,14.11
AB1,"Bak-,Bax-",-6068,1st,7.5uM Tunicamycin,6,4.1,0.43,3.75,0.41,0.354,0.048,0.914,0.027,16.06,13.9
AB1,"Bak-,Bax-",-6068,1st,7.5um Brefeldin A,6,4.2,0.37,3.76,0.38,0.442,0.057,0.895,0.036,15.36,12.81
AB1,"Bak-,Bax-",-6068,2nd,7.5um Brefeldin A,6,4.24,0.44,3.82,0.41,0.418,0.061,0.901,0.038,15.43,12.95
AB2,"Bak-,Bax-",-6145,1st,7.5um Brefeldin A,6,3.56,0.35,2.91,0.31,0.644,0.098,0.819,0.045,16.12,14.5
AB2,"Bak-,Bax-",-6145,2nd,7.5um Brefeldin A,6,3.51,0.38,2.93,0.35,0.58,0.094,0.835,0.046,16.14,14.15
AB2,"Bak-,Bax-",-6145,1st,7.5uM Tunicamycin,6,3.96,0.43,3.53,0.37,0.434,0.07,0.891,0.046,16.5,14.9
AB2,"Bak-,Bax-",-6145,2nd,7.5uM Tunicamycin,6,3.88,0.38,3.55,0.38,0.328,0.045,0.916,0.035,16.19,14.99
ABC1,"Bak-,Bax-,Bok-",-6077,1st,15ug/mL Puromycin,6,3.23,0.12,0.82,0.12,2.413,0.203,0.253,0.043,12.44,11.77
ABC1,"Bak-,Bax-,Bok-",-6077,2nd,15ug/mL Puromycin,6,3.33,0.15,0.84,0.13,2.49,0.069,0.251,0.03,12.87,11.48
ABC1,"Bak-,Bax-,Bok-",-6077,1st,7.5um Brefeldin A,6,3.6,0.4,3.24,0.37,0.356,0.054,0.901,0.036,15.82,13.25
ABC1,"Bak-,Bax-,Bok-",-6077,2nd,7.5um Brefeldin A,6,3.98,0.37,3.47,0.37,0.507,0.071,0.873,0.042,15.69,12.81
ABC1,"Bak-,Bax-,Bok-",-6077,2nd,7.5uM Tunicamycin,6,3.84,0.41,3.53,0.37,0.305,0.044,0.921,0.036,16.18,14.56
ABC1,"Bak-,Bax-,Bok-",-6077,1st,7.5uM Tunicamycin,6,4.35,0.35,4.13,0.32,0.218,0.022,0.95,0.021,16.13,14.69
ABC2,"Bak-,Bax-,Bok-",-6101,1st,7.5um Brefeldin A,6,3.43,0.36,2.84,0.36,0.586,0.098,0.829,0.052,16.11,14.34
ABC2,"Bak-,Bax-,Bok-",-6101,2nd,7.5um Brefeldin A,6,3.53,0.37,2.84,0.32,0.688,0.117,0.805,0.051,16.06,14.3
ABC2,"Bak-,Bax-,Bok-",-6101,1st,7.5uM Tunicamycin,6,4.09,0.41,3.51,0.36,0.581,0.089,0.858,0.045,16.46,14.81
ABC2,"Bak-,Bax-,Bok-",-6101,2nd,7.5uM Tunicamycin,6,3.98,0.42,3.58,0.39,0.4,0.059,0.9,0.039,16.2,14.51
ABC3,"Bak-,Bax-,Bok-",-6128,1st,15ug/mL Puromycin,6,2.57,0.17,0.52,0.02,2.053,0.163,0.201,0.009,12.74,12.09
ABC3,"Bak-,Bax-,Bok-",-6128,2nd,15ug/mL Puromycin,6,2.82,0.31,0.65,0.08,2.173,0.227,0.231,0.005,11.67,11.03
ABC3,"Bak-,Bax-,Bok-",-6128,2nd,20mM Sodium Butyrate,6,0.72,0.03,0.67,0.03,0.049,0.007,0.932,0.012,14.44,14.24
ABC3,"Bak-,Bax-,Bok-",-6128,2nd,7.5uM Tunicamycin,6,3.88,0.36,3.52,0.33,0.362,0.046,0.907,0.03,15.95,14.58
ABC3,"Bak-,Bax-,Bok-",-6128,2nd,7.5um Brefeldin A,6,4.03,0.39,3.54,0.35,0.49,0.067,0.878,0.034,14.81,12.92
ABC3,"Bak-,Bax-,Bok-",-6128,1st,7.5um Brefeldin A,6,4.08,0.4,3.61,0.4,0.469,0.066,0.885,0.036,14.87,12.9
ABC3,"Bak-,Bax-,Bok-",-6128,1st,7.5uM Tunicamycin,6,3.98,0.4,3.75,0.39,0.231,0.029,0.942,0.026,16.15,14.19
AB3,"Bak-,Bax-",-6134,2nd,7.5um Brefeldin A,6,3.11,0.43,2.57,0.35,0.534,0.113,0.828,0.061,16.05,14.3
AB3,"Bak-,Bax-",-6134,1st,7.5um Brefeldin A,6,3.33,0.44,2.65,0.38,0.677,0.133,0.797,0.052,15.79,14
AB3,"Bak-,Bax-",-6134,2nd,7.5uM Tunicamycin,6,3.86,0.34,3.51,0.32,0.349,0.044,0.91,0.034,16.06,14.32
AB3,"Bak-,Bax-",-6134,1st,7.5uM Tunicamycin,6,4.06,0.41,3.63,0.41,0.424,0.063,0.896,0.042,16.33,15.03
C1,Bok-,-5740,1st,7.5uM Tunicamycin,6,4.15,3.97,0.62,1.17,3.535,10.384,0.148,0.294,15.17,11.46
AB1,"Bak-,Bax-",-6068,1st,7.5um Brefeldin A,7,3.76,0.29,3.13,0.26,0.63,0.084,0.833,0.046,15.48,13.1
AB1,"Bak-,Bax-",-6068,2nd,7.5uM Tunicamycin,7,3.78,0.42,3.28,0.39,0.501,0.078,0.868,0.039,16.16,14.02
AB1,"Bak-,Bax-",-6068,2nd,7.5um Brefeldin A,7,4.13,0.42,3.5,0.4,0.627,0.091,0.848,0.037,15.6,13.25
AB1,"Bak-,Bax-",-6068,1st,7.5uM Tunicamycin,7,4.1,0.42,3.51,0.39,0.592,0.087,0.856,0.039,16.19,14
AB2,"Bak-,Bax-",-6145,1st,7.5um Brefeldin A,7,3.07,0.38,2.32,0.35,0.754,0.157,0.755,0.063,16.24,14.25
AB2,"Bak-,Bax-",-6145,2nd,7.5um Brefeldin A,7,3.34,0.36,2.44,0.33,0.898,0.17,0.731,0.059,16.18,14.09
AB2,"Bak-,Bax-",-6145,2nd,7.5uM Tunicamycin,7,3.67,0.37,3.16,0.35,0.504,0.074,0.863,0.041,16.35,15.37
AB2,"Bak-,Bax-",-6145,1st,7.5uM Tunicamycin,7,3.73,0.36,3.21,0.36,0.523,0.076,0.86,0.042,16.66,15.29
ABC1,"Bak-,Bax-,Bok-",-6077,1st,7.5um Brefeldin A,7,3.61,0.4,2.93,0.37,0.683,0.119,0.811,0.05,15.93,13.37
ABC1,"Bak-,Bax-,Bok-",-6077,2nd,7.5um Brefeldin A,7,3.81,0.4,3.09,0.35,0.721,0.117,0.811,0.047,15.94,13.06
ABC1,"Bak-,Bax-,Bok-",-6077,2nd,7.5uM Tunicamycin,7,3.77,0.39,3.35,0.37,0.42,0.062,0.889,0.04,16.33,14.8
ABC1,"Bak-,Bax-,Bok-",-6077,1st,7.5uM Tunicamycin,7,4.26,0.38,3.84,0.36,0.421,0.054,0.901,0.035,16.2,14.73
ABC2,"Bak-,Bax-,Bok-",-6101,2nd,7.5um Brefeldin A,7,3.2,0.38,2.33,0.33,0.874,0.181,0.727,0.064,16.1,13.87
ABC2,"Bak-,Bax-,Bok-",-6101,1st,7.5um Brefeldin A,7,3.15,0.36,2.39,0.3,0.761,0.141,0.759,0.053,16.15,13.82
ABC2,"Bak-,Bax-,Bok-",-6101,1st,7.5uM Tunicamycin,7,3.69,0.38,2.9,0.34,0.792,0.132,0.785,0.051,16.42,14.84
ABC2,"Bak-,Bax-,Bok-",-6101,2nd,7.5uM Tunicamycin,7,3.69,0.38,3.1,0.33,0.587,0.096,0.841,0.051,16.24,14.37
ABC3,"Bak-,Bax-,Bok-",-6128,2nd,7.5um Brefeldin A,7,4.05,0.36,3.3,0.33,0.75,0.11,0.815,0.048,14.98,12.82
ABC3,"Bak-,Bax-,Bok-",-6128,1st,7.5um Brefeldin A,7,4.13,0.44,3.35,0.4,0.776,0.129,0.812,0.049,15.02,13.07
ABC3,"Bak-,Bax-,Bok-",-6128,1st,7.5uM Tunicamycin,7,3.98,0.36,3.41,0.32,0.569,0.079,0.857,0.042,16.3,14.65
ABC3,"Bak-,Bax-,Bok-",-6128,2nd,7.5uM Tunicamycin,7,3.93,0.32,3.47,0.31,0.462,0.059,0.882,0.041,16.16,13.79
AB3,"Bak-,Bax-",-6134,2nd,7.5um Brefeldin A,7,2.76,0.32,2,0.26,0.759,0.157,0.725,0.066,15.98,14.12
AB3,"Bak-,Bax-",-6134,1st,7.5um Brefeldin A,7,3,0.38,2.22,0.32,0.778,0.163,0.741,0.061,16.03,13.95
AB3,"Bak-,Bax-",-6134,1st,7.5uM Tunicamycin,7,3.69,0.34,3.15,0.31,0.54,0.076,0.854,0.042,16.35,14.99
AB3,"Bak-,Bax-",-6134,2nd,7.5uM Tunicamycin,7,3.83,0.45,3.3,0.43,0.528,0.094,0.862,0.051,16.16,14.62
AB1,"Bak-,Bax-",-6068,1st,7.5um Brefeldin A,8,3.56,0.41,2.67,0.35,0.895,0.165,0.749,0.053,15.71,13.39
AB1,"Bak-,Bax-",-6068,2nd,7.5uM Tunicamycin,8,3.56,0.36,2.72,0.34,0.841,0.144,0.764,0.052,16.17,13.95
AB1,"Bak-,Bax-",-6068,1st,7.5uM Tunicamycin,8,3.67,0.39,2.87,0.34,0.796,0.136,0.783,0.051,16.35,14.46
AB1,"Bak-,Bax-",-6068,2nd,7.5um Brefeldin A,8,3.99,0.34,3.09,0.29,0.899,0.129,0.775,0.045,15.78,13.4
AB2,"Bak-,Bax-",-6145,1st,7.5um Brefeldin A,8,2.72,0.38,1.81,0.32,0.91,0.22,0.666,0.067,16.17,14.29
AB2,"Bak-,Bax-",-6145,2nd,7.5um Brefeldin A,8,2.94,0.35,1.94,0.29,0.998,0.22,0.661,0.067,16.27,14.21
AB2,"Bak-,Bax-",-6145,1st,7.5uM Tunicamycin,8,3.14,0.37,2.51,0.33,0.624,0.113,0.801,0.05,16.64,15.85
AB2,"Bak-,Bax-",-6145,2nd,7.5uM Tunicamycin,8,3.57,0.38,2.82,0.35,0.754,0.14,0.789,0.063,16.53,14.97
ABC1,"Bak-,Bax-,Bok-",-6077,1st,7.5um Brefeldin A,8,3.13,0.43,2.26,0.32,0.867,0.19,0.723,0.06,16.08,13.65
ABC1,"Bak-,Bax-,Bok-",-6077,2nd,7.5um Brefeldin A,8,3.65,0.42,2.8,0.33,0.85,0.147,0.767,0.045,16.01,13.14
ABC1,"Bak-,Bax-,Bok-",-6077,2nd,7.5uM Tunicamycin,8,3.58,0.37,2.95,0.32,0.626,0.1,0.825,0.047,16.22,14.33
ABC1,"Bak-,Bax-,Bok-",-6077,1st,7.5uM Tunicamycin,8,4.03,0.47,3.33,0.41,0.697,0.114,0.827,0.039,16.1,14.79
ABC2,"Bak-,Bax-,Bok-",-6101,2nd,7.5um Brefeldin A,8,2.85,0.34,1.86,0.25,0.987,0.219,0.654,0.066,15.91,13.8
ABC2,"Bak-,Bax-,Bok-",-6101,1st,7.5um Brefeldin A,8,2.83,0.36,1.87,0.29,0.964,0.224,0.659,0.068,16.06,13.61
ABC2,"Bak-,Bax-,Bok-",-6101,1st,7.5uM Tunicamycin,8,3.29,0.47,2.29,0.35,1.002,0.234,0.695,0.064,16.29,14.87
ABC2,"Bak-,Bax-,Bok-",-6101,2nd,7.5uM Tunicamycin,8,3.53,0.43,2.73,0.35,0.8,0.147,0.773,0.048,16.22,14.67
ABC3,"Bak-,Bax-,Bok-",-6128,1st,7.5uM Tunicamycin,8,3.37,0.39,2.6,0.35,0.77,0.146,0.772,0.058,16.16,14.67
ABC3,"Bak-,Bax-,Bok-",-6128,1st,7.5um Brefeldin A,8,3.56,0.38,2.67,0.34,0.89,0.161,0.75,0.055,15.13,13.05
ABC3,"Bak-,Bax-,Bok-",-6128,2nd,7.5um Brefeldin A,8,3.85,0.36,2.89,0.3,0.957,0.146,0.752,0.045,15.1,12.9
ABC3,"Bak-,Bax-,Bok-",-6128,2nd,7.5uM Tunicamycin,8,3.73,0.42,3.01,0.36,0.715,0.128,0.808,0.054,16.29,14.2
AB3,"Bak-,Bax-",-6134,2nd,7.5um Brefeldin A,8,2.69,0.37,1.9,0.3,0.79,0.181,0.706,0.063,15.81,13.63
AB3,"Bak-,Bax-",-6134,1st,7.5um Brefeldin A,8,2.97,0.38,2.03,0.24,0.945,0.199,0.682,0.057,16.15,13.74
AB3,"Bak-,Bax-",-6134,1st,7.5uM Tunicamycin,8,3.38,0.35,2.65,0.36,0.73,0.136,0.784,0.064,16.17,14.83
AB3,"Bak-,Bax-",-6134,2nd,7.5uM Tunicamycin,8,3.65,0.4,2.93,0.34,0.727,0.128,0.801,0.053,16.13,14.46
