Clone,Plasmid,Barcode,Run,Treatment,Day,TCD,dTCD,VCD,dVCD,DCD,dDCD,Via,dVia,LDiam,DDiam
H,"Bak-,Bok-",-6080,1st,15ug/mL Puromycin,0,2.41,0.27,2.39,0.27,0.019,0.020,0.992,0.007,16.54,10.77
H,"Bak-,Bok-",-6080,1st,20mM Sodium Butyrate,0,2.41,0.27,2.39,0.27,0.019,0.020,0.992,0.007,16.54,10.77
A,"Bak-,Bax-",-6068,1st,15ug/mL Puromycin,0,2.53,0.10,2.50,0.10,0.033,0.008,0.987,0.003,16.34,11.20
A,"Bak-,Bax-",-6068,2nd,15ug/mL Puromycin,0,2.54,0.18,2.50,0.16,0.036,0.015,0.985,0.005,15.62,9.89
B,"Bak-,Bax-",-6145,1st,15ug/mL Puromycin,0,2.54,0.15,2.50,0.14,0.042,0.019,0.984,0.006,15.80,10.04
B,"Bak-,Bax-",-6145,2nd,15ug/mL Puromycin,0,2.53,0.14,2.50,0.14,0.030,0.011,0.989,0.004,15.50,12.72
C,"Bak-,Bax-,Bok-",-6077,1st,15ug/mL Puromycin,0,2.52,0.05,2.50,0.05,0.020,0.009,0.992,0.003,15.57,9.81
C,"Bak-,Bax-,Bok-",-6077,2nd,15ug/mL Puromycin,0,2.54,0.18,2.50,0.18,0.040,0.014,0.984,0.006,15.28,11.62
D,"Bak-,Bax-,Bok-",-6101,1st,15ug/mL Puromycin,0,2.53,0.20,2.50,0.21,0.031,0.010,0.989,0.006,16.38,11.79
D,"Bak-,Bax-,Bok-",-6101,2nd,15ug/mL Puromycin,0,2.55,0.06,2.50,0.05,0.050,0.019,0.980,0.007,16.30,11.73
E,"Bak-,Bax-,Bok-",-6128,1st,15ug/mL Puromycin,0,2.51,0.18,2.50,0.18,0.009,0.004,0.996,0.003,15.06,12.62
E,"Bak-,Bax-,Bok-",-6128,2nd,15ug/mL Puromycin,0,2.54,0.12,2.50,0.12,0.038,0.005,0.985,0.002,14.92,12.08
F,"Bak-,Bok-",-6075,1st,15ug/mL Puromycin,0,2.52,0.07,2.50,0.07,0.077,0.098,0.991,0.002,15.14,9.44
F,"Bak-,Bok-",-6075,2nd,15ug/mL Puromycin,0,2.52,0.08,2.50,0.08,0.021,0.009,0.991,0.003,15.20,11.05
G,"Bak-,Bok-",-6076,1st,15ug/mL Puromycin,0,2.52,0.13,2.50,0.13,0.019,0.007,0.993,0.003,15.85,11.47
G,"Bak-,Bok-",-6076,2nd,15ug/mL Puromycin,0,2.55,0.08,2.50,0.09,0.050,0.014,0.981,0.006,14.84,11.48
H,"Bak-,Bok-",-6080,2nd,15ug/mL Puromycin,0,2.54,0.18,2.50,0.18,0.035,0.012,0.986,0.005,15.59,11.85
I,"Bax-,Bok-",-6083,1st,15ug/mL Puromycin,0,2.52,0.20,2.50,0.21,0.018,0.008,0.993,0.004,15.23,11.00
I,"Bax-,Bok-",-6083,2nd,15ug/mL Puromycin,0,2.53,0.01,2.50,0.01,0.035,0.002,0.987,0.001,14.73,10.62
J,"Bax-,Bok-",-6105,1st,15ug/mL Puromycin,0,2.53,0.09,2.50,0.10,0.030,0.011,0.989,0.006,16.33,12.92
J,"Bax-,Bok-",-6105,2nd,15ug/mL Puromycin,0,2.54,0.13,2.50,0.15,0.040,0.020,0.984,0.009,15.54,11.36
K,"Bax-,Bok-",-6212,1st,15ug/mL Puromycin,0,2.53,0.11,2.50,0.11,0.029,0.014,0.989,0.005,15.69,11.23
K,"Bax-,Bok-",-6212,2nd,15ug/mL Puromycin,0,2.56,0.05,2.50,0.04,0.064,0.009,0.975,0.003,14.87,12.07
L,Empty,-5703,1st,15ug/mL Puromycin,0,2.52,0.12,2.50,0.11,0.018,0.011,0.993,0.003,15.80,9.80
L,Empty,-5703,2nd,15ug/mL Puromycin,0,2.55,0.17,2.50,0.17,0.053,0.007,0.979,0.002,15.47,11.74
M,Empty,-6161,1st,15ug/mL Puromycin,0,2.55,0.19,2.50,0.18,0.046,0.035,0.982,0.013,15.33,11.08
M,Empty,-6161,2nd,15ug/mL Puromycin,0,2.55,0.20,2.50,0.21,0.055,0.008,0.979,0.004,14.68,11.47
N,Empty,-6251,1st,15ug/mL Puromycin,0,2.53,0.15,2.50,0.15,0.030,0.004,0.988,0.002,15.65,11.46
N,Empty,-6251,2nd,15ug/mL Puromycin,0,2.55,0.06,2.50,0.07,0.051,0.012,0.980,0.006,15.66,12.31
O,None,Parental,1st,15ug/mL Puromycin,0,2.53,0.13,2.50,0.12,0.023,0.008,0.990,0.002,16.34,10.50
O,None,Parental,2nd,15ug/mL Puromycin,0,2.53,0.06,2.50,0.06,0.031,0.008,0.987,0.003,15.95,12.79
P,"Bak-,Bax-",-6134,1st,15ug/mL Puromycin,0,2.52,0.17,2.50,0.17,0.020,0.002,0.991,0.001,16.85,15.14
P,"Bak-,Bax-",-6134,2nd,15ug/mL Puromycin,0,2.53,0.08,2.50,0.07,0.033,0.006,0.987,0.003,16.65,11.15
Q,Bok-,-5740,1st,15ug/mL Puromycin,0,2.52,0.25,2.50,0.24,0.026,0.008,0.990,0.002,15.80,11.60
Q,Bok-,-5740,2nd,15ug/mL Puromycin,0,2.53,0.26,2.50,0.25,0.025,0.010,0.990,0.004,16.37,10.26
R,Bok-,-6065,1st,15ug/mL Puromycin,0,2.51,0.35,2.50,0.34,0.008,0.006,0.997,0.002,16.52,8.78
R,Bok-,-6065,2nd,15ug/mL Puromycin,0,2.53,0.12,2.50,0.13,0.032,0.023,0.989,0.009,16.78,14.26
S,Bok-,-6311,1st,15ug/mL Puromycin,0,2.51,0.16,2.50,0.16,0.015,0.005,0.994,0.003,15.91,14.36
S,Bok-,-6311,2nd,15ug/mL Puromycin,0,2.53,0.22,2.50,0.21,0.030,0.021,0.988,0.007,15.98,12.20
T,Bak-,-5994,1st,15ug/mL Puromycin,0,2.55,0.12,2.50,0.11,0.043,0.015,0.982,0.007,15.08,12.13
T,Bak-,-5994,2nd,15ug/mL Puromycin,0,2.54,0.30,2.50,0.31,0.044,0.015,0.983,0.008,15.52,10.69
U,Bak-,-6263,1st,15ug/mL Puromycin,0,2.59,0.21,2.50,0.19,0.086,0.023,0.967,0.007,16.41,12.05
U,Bak-,-6263,2nd,15ug/mL Puromycin,0,2.58,0.19,2.50,0.20,0.082,0.007,0.968,0.004,15.83,10.82
V,Bak-,-6303,1st,15ug/mL Puromycin,0,2.55,0.06,2.50,0.05,0.052,0.006,0.979,0.001,16.48,11.73
V,Bak-,-6303,2nd,15ug/mL Puromycin,0,2.56,0.20,2.50,0.19,0.063,0.030,0.975,0.009,17.05,11.07
W,Bax-,-6109,1st,15ug/mL Puromycin,0,2.52,0.16,2.50,0.16,0.021,0.008,0.991,0.003,15.80,9.79
W,Bax-,-6109,2nd,15ug/mL Puromycin,0,2.52,0.15,2.50,0.15,0.009,0.009,0.994,0.004,16.23,13.29
X,Bax-,-6154,1st,15ug/mL Puromycin,0,2.52,0.24,2.50,0.24,0.023,0.006,0.991,0.001,15.69,11.40
X,Bax-,-6154,2nd,15ug/mL Puromycin,0,2.51,0.14,2.50,0.14,0.013,0.002,0.995,0.000,15.83,12.36
Y,Bax-,-6166,1st,15ug/mL Puromycin,0,2.54,0.19,2.50,0.19,0.038,0.003,0.985,0.002,15.95,11.93
Y,Bax-,-6166,2nd,15ug/mL Puromycin,0,2.54,0.09,2.50,0.10,0.043,0.014,0.983,0.006,15.89,11.54
Z,Bok-,-6250,1st,15ug/mL Puromycin,0,2.53,0.22,2.50,0.20,0.030,0.019,0.987,0.007,15.48,9.79
Z,Bok-,-6250,2nd,15ug/mL Puromycin,0,2.53,0.15,2.50,0.15,0.028,0.004,0.989,0.003,15.10,11.26
A,"Bak-,Bax-",-6068,1st,20mM Sodium Butyrate,0,2.53,0.10,2.50,0.10,0.033,0.008,0.987,0.003,16.34,11.20
A,"Bak-,Bax-",-6068,2nd,20mM Sodium Butyrate,0,2.54,0.18,2.50,0.16,0.036,0.015,0.985,0.005,15.62,9.89
B,"Bak-,Bax-",-6145,1st,20mM Sodium Butyrate,0,2.54,0.15,2.50,0.14,0.042,0.019,0.984,0.006,15.80,10.04
B,"Bak-,Bax-",-6145,2nd,20mM Sodium Butyrate,0,2.53,0.14,2.50,0.14,0.030,0.011,0.989,0.004,15.50,12.72
C,"Bak-,Bax-,Bok-",-6077,1st,20mM Sodium Butyrate,0,2.52,0.05,2.50,0.05,0.020,0.009,0.992,0.003,15.57,9.81
C,"Bak-,Bax-,Bok-",-6077,2nd,20mM Sodium Butyrate,0,2.54,0.18,2.50,0.18,0.040,0.014,0.984,0.006,15.28,11.62
D,"Bak-,Bax-,Bok-",-6101,1st,20mM Sodium Butyrate,0,2.53,0.20,2.50,0.21,0.031,0.010,0.989,0.006,16.38,11.79
D,"Bak-,Bax-,Bok-",-6101,2nd,20mM Sodium Butyrate,0,2.55,0.06,2.50,0.05,0.050,0.019,0.980,0.007,16.30,11.73
E,"Bak-,Bax-,Bok-",-6128,1st,20mM Sodium Butyrate,0,2.51,0.18,2.50,0.18,0.009,0.004,0.996,0.003,15.06,12.62
E,"Bak-,Bax-,Bok-",-6128,2nd,20mM Sodium Butyrate,0,2.54,0.12,2.50,0.12,0.038,0.005,0.985,0.002,14.92,12.08
F,"Bak-,Bok-",-6075,1st,20mM Sodium Butyrate,0,2.52,0.07,2.50,0.07,0.077,0.098,0.991,0.002,15.14,9.44
F,"Bak-,Bok-",-6075,2nd,20mM Sodium Butyrate,0,2.52,0.08,2.50,0.08,0.021,0.009,0.991,0.003,15.20,11.05
G,"Bak-,Bok-",-6076,1st,20mM Sodium Butyrate,0,2.52,0.13,2.50,0.13,0.019,0.007,0.993,0.003,15.85,11.47
G,"Bak-,Bok-",-6076,2nd,20mM Sodium Butyrate,0,2.55,0.08,2.50,0.09,0.050,0.014,0.981,0.006,14.84,11.48
H,"Bak-,Bok-",-6080,2nd,20mM Sodium Butyrate,0,2.54,0.18,2.50,0.18,0.035,0.012,0.986,0.005,15.59,11.85
I,"Bax-,Bok-",-6083,1st,20mM Sodium Butyrate,0,2.52,0.20,2.50,0.21,0.018,0.008,0.993,0.004,15.23,11.00
I,"Bax-,Bok-",-6083,2nd,20mM Sodium Butyrate,0,2.53,0.01,2.50,0.01,0.035,0.002,0.987,0.001,14.73,10.62
J,"Bax-,Bok-",-6105,1st,20mM Sodium Butyrate,0,2.53,0.09,2.50,0.10,0.030,0.011,0.989,0.006,16.33,12.92
J,"Bax-,Bok-",-6105,2nd,20mM Sodium Butyrate,0,2.54,0.13,2.50,0.15,0.040,0.020,0.984,0.009,15.54,11.36
K,"Bax-,Bok-",-6212,1st,20mM Sodium Butyrate,0,2.53,0.11,2.50,0.11,0.029,0.014,0.989,0.005,15.69,11.23
K,"Bax-,Bok-",-6212,2nd,20mM Sodium Butyrate,0,2.56,0.05,2.50,0.04,0.064,0.009,0.975,0.003,14.87,12.07
L,Empty,-5703,1st,20mM Sodium Butyrate,0,2.52,0.12,2.50,0.11,0.018,0.011,0.993,0.003,15.80,9.80
L,Empty,-5703,2nd,20mM Sodium Butyrate,0,2.55,0.17,2.50,0.17,0.053,0.007,0.979,0.002,15.47,11.74
M,Empty,-6161,1st,20mM Sodium Butyrate,0,2.55,0.19,2.50,0.18,0.046,0.035,0.982,0.013,15.33,11.08
M,Empty,-6161,2nd,20mM Sodium Butyrate,0,2.55,0.20,2.50,0.21,0.055,0.008,0.979,0.004,14.68,11.47
N,Empty,-6251,1st,20mM Sodium Butyrate,0,2.53,0.15,2.50,0.15,0.030,0.004,0.988,0.002,15.65,11.46
N,Empty,-6251,2nd,20mM Sodium Butyrate,0,2.55,0.06,2.50,0.07,0.051,0.012,0.980,0.006,15.66,12.31
O,None,Parental,1st,20mM Sodium Butyrate,0,2.53,0.13,2.50,0.12,0.023,0.008,0.990,0.002,16.34,10.50
O,None,Parental,2nd,20mM Sodium Butyrate,0,2.53,0.06,2.50,0.06,0.031,0.008,0.987,0.003,15.95,12.79
P,"Bak-,Bax-",-6134,1st,20mM Sodium Butyrate,0,2.52,0.17,2.50,0.17,0.020,0.002,0.991,0.001,16.85,15.14
P,"Bak-,Bax-",-6134,2nd,20mM Sodium Butyrate,0,2.53,0.08,2.50,0.07,0.033,0.006,0.987,0.003,16.65,11.15
Q,Bok-,-5740,1st,20mM Sodium Butyrate,0,2.52,0.25,2.50,0.24,0.026,0.008,0.990,0.002,15.80,11.60
Q,Bok-,-5740,2nd,20mM Sodium Butyrate,0,2.53,0.26,2.50,0.25,0.025,0.010,0.990,0.004,16.37,10.26
R,Bok-,-6065,1st,20mM Sodium Butyrate,0,2.51,0.35,2.50,0.34,0.008,0.006,0.997,0.002,16.52,8.78
R,Bok-,-6065,2nd,20mM Sodium Butyrate,0,2.53,0.12,2.50,0.13,0.032,0.023,0.989,0.009,16.78,14.26
S,Bok-,-6311,1st,20mM Sodium Butyrate,0,2.51,0.16,2.50,0.16,0.015,0.005,0.994,0.003,15.91,14.36
S,Bok-,-6311,2nd,20mM Sodium Butyrate,0,2.53,0.22,2.50,0.21,0.030,0.021,0.988,0.007,15.98,12.20
T,Bak-,-5994,1st,20mM Sodium Butyrate,0,2.55,0.12,2.50,0.11,0.043,0.015,0.982,0.007,15.08,12.13
T,Bak-,-5994,2nd,20mM Sodium Butyrate,0,2.54,0.30,2.50,0.31,0.044,0.015,0.983,0.008,15.52,10.69
U,Bak-,-6263,1st,20mM Sodium Butyrate,0,2.59,0.21,2.50,0.19,0.086,0.023,0.967,0.007,16.41,12.05
U,Bak-,-6263,2nd,20mM Sodium Butyrate,0,2.58,0.19,2.50,0.20,0.082,0.007,0.968,0.004,15.83,10.82
V,Bak-,-6303,1st,20mM Sodium Butyrate,0,2.55,0.06,2.50,0.05,0.052,0.006,0.979,0.001,16.48,11.73
V,Bak-,-6303,2nd,20mM Sodium Butyrate,0,2.56,0.20,2.50,0.19,0.063,0.030,0.975,0.009,17.05,11.07
W,Bax-,-6109,1st,20mM Sodium Butyrate,0,2.52,0.16,2.50,0.16,0.021,0.008,0.991,0.003,15.80,9.79
W,Bax-,-6109,2nd,20mM Sodium Butyrate,0,2.52,0.15,2.50,0.15,0.009,0.009,0.994,0.004,16.23,13.29
X,Bax-,-6154,1st,20mM Sodium Butyrate,0,2.52,0.24,2.50,0.24,0.023,0.006,0.991,0.001,15.69,11.40
X,Bax-,-6154,2nd,20mM Sodium Butyrate,0,2.51,0.14,2.50,0.14,0.013,0.002,0.995,0.000,15.83,12.36
Y,Bax-,-6166,1st,20mM Sodium Butyrate,0,2.54,0.19,2.50,0.19,0.038,0.003,0.985,0.002,15.95,11.93
Y,Bax-,-6166,2nd,20mM Sodium Butyrate,0,2.54,0.09,2.50,0.10,0.043,0.014,0.983,0.006,15.89,11.54
Z,Bok-,-6250,1st,20mM Sodium Butyrate,0,2.53,0.22,2.50,0.20,0.030,0.019,0.987,0.007,15.48,9.79
Z,Bok-,-6250,2nd,20mM Sodium Butyrate,0,2.53,0.15,2.50,0.15,0.028,0.004,0.989,0.003,15.10,11.26
L,Empty,-5703,2nd,7.5uM Tunicamycin,0,2.53,0.31,2.50,0.31,0.024,0.003,0.991,0.013,15.10,14.99
N,Empty,-6251,2nd,7.5uM Tunicamycin,0,2.54,0.31,2.50,0.30,0.039,0.005,0.985,0.017,15.23,14.48
R,Bok-,-6065,1st,7.5um Brefeldin A,0,2.52,0.30,2.50,0.31,0.015,0.002,0.994,0.010,15.37,13.69
S,Bok-,-6311,1st,7.5uM Tunicamycin,0,2.52,0.34,2.50,0.34,0.017,0.002,0.993,0.009,14.84,11.75
S,Bok-,-6311,1st,7.5um Brefeldin A,0,2.51,0.29,2.50,0.29,0.013,0.002,0.995,0.008,15.25,8.27
D,"Bak-,Bax-,Bok-",-6101,2nd,7.5uM Tunicamycin,0,2.52,0.29,2.50,0.29,0.019,0.002,0.993,0.009,15.52,11.33
L,Empty,-5703,2nd,7.5um Brefeldin A,0,2.53,0.30,2.50,0.30,0.021,0.003,0.992,0.012,15.22,15.62
R,Bok-,-6065,1st,7.5uM Tunicamycin,0,2.53,0.32,2.50,0.32,0.027,0.004,0.989,0.013,15.24,13.09
P,"Bak-,Bax-",-6134,2nd,7.5uM Tunicamycin,0,2.52,0.31,2.50,0.30,0.012,0.002,0.995,0.008,15.22,16.37
R,Bok-,-6065,2nd,7.5uM Tunicamycin,0,2.51,0.27,2.50,0.27,0.015,0.002,0.994,0.008,15.00,4.81
B,"Bak-,Bax-",-6145,2nd,7.5uM Tunicamycin,0,2.52,0.26,2.50,0.27,0.023,0.003,0.991,0.012,15.53,13.41
E,"Bak-,Bax-,Bok-",-6128,2nd,7.5uM Tunicamycin,0,2.52,0.27,2.50,0.27,0.028,0.003,0.989,0.013,14.94,11.44
Q,Bok-,-5740,1st,7.5uM Tunicamycin,0,2.52,0.27,2.50,0.27,0.021,0.002,0.992,0.010,14.85,14.96
B,"Bak-,Bax-",-6145,1st,7.5um Brefeldin A,0,2.52,0.28,2.50,0.28,0.014,0.002,0.995,0.008,15.49,13.33
D,"Bak-,Bax-,Bok-",-6101,1st,7.5uM Tunicamycin,0,2.52,0.28,2.50,0.28,0.017,0.002,0.993,0.014,15.62,17.43
C,"Bak-,Bax-,Bok-",-6077,2nd,7.5um Brefeldin A,0,2.52,0.25,2.50,0.25,0.018,0.002,0.993,0.009,15.20,11.57
Q,Bok-,-5740,1st,7.5um Brefeldin A,0,2.52,0.29,2.50,0.29,0.016,0.002,0.994,0.008,15.19,12.81
L,Empty,-5703,1st,7.5um Brefeldin A,0,2.51,0.30,2.50,0.30,0.012,0.002,0.995,0.008,15.10,16.64
M,Empty,-6161,2nd,7.5uM Tunicamycin,0,2.52,0.28,2.50,0.28,0.021,0.003,0.992,0.010,14.63,13.44
P,"Bak-,Bax-",-6134,1st,7.5uM Tunicamycin,0,2.51,0.29,2.50,0.29,0.011,0.001,0.996,0.008,15.37,18.95
C,"Bak-,Bax-,Bok-",-6077,2nd,7.5uM Tunicamycin,0,2.52,0.27,2.50,0.27,0.018,0.002,0.993,0.009,14.88,15.30
O,None,Parental,1st,7.5uM Tunicamycin,0,2.53,0.29,2.50,0.28,0.028,0.003,0.989,0.012,14.96,12.29
A,"Bak-,Bax-",-6068,2nd,7.5uM Tunicamycin,0,2.53,0.25,2.50,0.25,0.031,0.004,0.988,0.012,14.83,12.21
P,"Bak-,Bax-",-6134,1st,7.5um Brefeldin A,0,2.51,0.28,2.50,0.28,0.011,0.001,0.996,0.006,15.26,5.67
N,Empty,-6251,1st,7.5um Brefeldin A,0,2.51,0.23,2.50,0.22,0.014,0.001,0.995,0.007,14.87,13.63
O,None,Parental,1st,7.5um Brefeldin A,0,2.51,0.30,2.50,0.30,0.019,0.002,0.993,0.009,15.13,8.95
B,"Bak-,Bax-",-6145,1st,7.5uM Tunicamycin,0,2.54,0.27,2.50,0.27,0.036,0.004,0.986,0.013,15.51,11.78
Q,Bok-,-5740,2nd,7.5uM Tunicamycin,0,2.51,0.32,2.50,0.32,0.014,0.002,0.994,0.008,14.87,13.13
L,Empty,-5703,1st,7.5uM Tunicamycin,0,2.52,0.27,2.50,0.27,0.019,0.002,0.992,0.008,15.07,15.30
C,"Bak-,Bax-,Bok-",-6077,1st,7.5uM Tunicamycin,0,2.52,0.28,2.50,0.27,0.025,0.003,0.990,0.011,14.76,11.33
N,Empty,-6251,1st,7.5uM Tunicamycin,0,2.52,0.24,2.50,0.24,0.020,0.002,0.992,0.009,15.03,11.91
E,"Bak-,Bax-,Bok-",-6128,1st,7.5um Brefeldin A,0,2.53,0.28,2.50,0.28,0.028,0.003,0.989,0.010,14.94,13.23
A,"Bak-,Bax-",-6068,2nd,7.5um Brefeldin A,0,2.52,0.26,2.50,0.26,0.016,0.002,0.994,0.009,15.11,17.57
A,"Bak-,Bax-",-6068,1st,7.5um Brefeldin A,0,2.51,0.25,2.50,0.25,0.015,0.002,0.994,0.008,15.09,11.77
D,"Bak-,Bax-,Bok-",-6101,1st,7.5um Brefeldin A,0,2.51,0.26,2.50,0.26,0.013,0.001,0.995,0.008,15.38,11.95
A,"Bak-,Bax-",-6068,1st,7.5uM Tunicamycin,0,2.53,0.25,2.50,0.25,0.026,0.003,0.990,0.010,14.94,14.73
E,"Bak-,Bax-,Bok-",-6128,1st,7.5uM Tunicamycin,0,2.52,0.29,2.50,0.28,0.021,0.003,0.992,0.009,14.90,14.27
S,Bok-,-6311,2nd,7.5uM Tunicamycin,0,2.52,0.24,2.50,0.24,0.022,0.002,0.991,0.009,14.73,9.94
C,"Bak-,Bax-,Bok-",-6077,1st,7.5um Brefeldin A,0,2.51,0.25,2.50,0.25,0.013,0.001,0.995,0.008,14.99,15.37
E,"Bak-,Bax-,Bok-",-6128,2nd,7.5um Brefeldin A,0,2.53,0.23,2.50,0.23,0.025,0.003,0.990,0.011,15.03,13.95
M,Empty,-6161,1st,7.5um Brefeldin A,0,2.51,0.25,2.50,0.25,0.012,0.001,0.995,0.008,15.00,4.14
O,None,Parental,2nd,7.5uM Tunicamycin,0,2.52,0.29,2.50,0.29,0.019,0.002,0.992,0.009,14.89,10.98
P,"Bak-,Bax-",-6134,2nd,7.5um Brefeldin A,0,2.51,0.23,2.50,0.23,0.016,0.002,0.994,0.008,15.41,9.08
M,Empty,-6161,1st,7.5uM Tunicamycin,0,2.52,0.25,2.50,0.25,0.016,0.002,0.994,0.008,14.77,14.33
D,"Bak-,Bax-,Bok-",-6101,2nd,7.5um Brefeldin A,0,2.51,0.24,2.50,0.24,0.010,0.001,0.996,0.007,15.47,4.37
M,Empty,-6161,2nd,7.5um Brefeldin A,0,2.53,0.25,2.50,0.25,0.028,0.003,0.989,0.009,14.83,14.29
R,Bok-,-6065,2nd,7.5um Brefeldin A,0,2.54,0.25,2.50,0.25,0.036,0.004,0.986,0.013,15.46,12.70
B,"Bak-,Bax-",-6145,2nd,7.5um Brefeldin A,0,2.51,0.26,2.50,0.26,0.011,0.001,0.996,0.006,15.41,14.25
Q,Bok-,-5740,2nd,7.5um Brefeldin A,0,2.52,0.25,2.50,0.25,0.021,0.002,0.992,0.008,15.20,11.40
O,None,Parental,2nd,7.5um Brefeldin A,0,2.54,0.23,2.50,0.22,0.040,0.004,0.984,0.008,15.28,12.87
S,Bok-,-6311,2nd,7.5um Brefeldin A,0,2.52,0.20,2.50,0.20,0.020,0.002,0.992,0.008,15.03,14.52
N,Empty,-6251,2nd,7.5um Brefeldin A,0,2.52,0.23,2.50,0.23,0.017,0.002,0.993,0.007,15.02,14.63
R,Bok-,-6065,1st,15ug/mL Puromycin,1,2.25,0.15,2.13,0.11,0.121,0.050,0.947,0.019,14.48,11.12
O,None,Parental,1st,15ug/mL Puromycin,1,2.49,0.06,2.41,0.07,0.076,0.027,0.971,0.010,14.54,11.56
S,Bok-,-6311,1st,15ug/mL Puromycin,1,2.54,0.17,2.47,0.11,0.070,0.062,0.972,0.024,13.88,10.94
R,Bok-,-6065,1st,20mM Sodium Butyrate,1,2.62,0.24,2.51,0.21,0.106,0.036,0.997,0.010,14.78,10.85
T,Bak-,-5994,2nd,15ug/mL Puromycin,1,2.57,0.17,2.52,0.19,0.049,0.012,0.981,0.008,14.57,10.44
Q,Bok-,-5740,2nd,20mM Sodium Butyrate,1,2.68,0.17,2.56,0.17,0.112,0.015,0.990,0.006,14.51,9.97
O,None,Parental,1st,20mM Sodium Butyrate,1,2.71,0.15,2.58,0.13,0.125,0.021,0.990,0.005,15.13,10.61
V,Bak-,-6303,2nd,15ug/mL Puromycin,1,2.62,0.14,2.58,0.12,0.037,0.024,0.985,0.007,17.03,12.05
Q,Bok-,-5740,2nd,15ug/mL Puromycin,1,2.70,0.06,2.59,0.03,0.094,0.042,0.958,0.027,14.48,11.31
S,Bok-,-6311,2nd,15ug/mL Puromycin,1,2.65,0.07,2.60,0.08,0.051,0.009,0.981,0.004,14.41,12.69
S,Bok-,-6311,2nd,20mM Sodium Butyrate,1,2.73,0.08,2.64,0.09,0.084,0.029,0.988,0.011,14.81,10.81
P,"Bak-,Bax-",-6134,1st,15ug/mL Puromycin,1,2.68,0.12,2.65,0.10,0.033,0.028,0.989,0.009,16.32,11.77
T,Bak-,-5994,1st,20mM Sodium Butyrate,1,2.68,0.37,2.65,0.35,0.031,0.034,0.982,0.011,14.86,11.25
O,None,Parental,2nd,20mM Sodium Butyrate,1,2.83,0.37,2.68,0.34,0.148,0.031,0.987,0.007,15.02,10.94
R,Bok-,-6065,2nd,15ug/mL Puromycin,1,2.82,0.09,2.71,0.09,0.111,0.036,0.960,0.014,14.41,9044.72
U,Bak-,-6263,2nd,15ug/mL Puromycin,1,2.74,0.21,2.71,0.21,0.023,0.006,0.991,0.003,15.84,12.58
U,Bak-,-6263,2nd,20mM Sodium Butyrate,1,2.83,0.10,2.76,0.10,0.072,0.007,0.968,0.002,15.74,11.62
X,Bax-,-6154,2nd,15ug/mL Puromycin,1,2.84,0.15,2.79,0.14,0.053,0.013,0.982,0.005,15.45,11.75
U,Bak-,-6263,1st,15ug/mL Puromycin,1,2.85,0.24,2.80,0.23,0.047,0.012,0.984,0.003,15.63,12.16
T,Bak-,-5994,2nd,20mM Sodium Butyrate,1,2.85,0.35,2.80,0.35,0.047,0.025,0.983,0.008,15.28,11.66
O,None,Parental,2nd,15ug/mL Puromycin,1,2.96,0.20,2.85,0.18,0.403,0.516,0.965,0.010,15.32,11.03
X,Bax-,-6154,1st,20mM Sodium Butyrate,1,2.96,0.22,2.86,0.20,0.100,0.017,0.991,0.005,15.08,10.84
T,Bak-,-5994,1st,15ug/mL Puromycin,1,2.89,0.48,2.87,0.47,0.025,0.011,0.991,0.004,14.51,10.35
P,"Bak-,Bax-",-6134,1st,20mM Sodium Butyrate,1,2.90,0.24,2.87,0.24,0.027,0.009,0.991,0.002,15.83,9.93
Y,Bax-,-6166,1st,15ug/mL Puromycin,1,2.97,0.19,2.88,0.19,0.100,0.006,0.967,0.003,14.49,11.55
W,Bax-,-6109,1st,15ug/mL Puromycin,1,2.93,0.08,2.88,0.07,0.047,0.033,0.983,0.012,15.52,10.59
Q,Bok-,-5740,1st,20mM Sodium Butyrate,1,3.01,0.35,2.90,0.34,0.106,0.005,0.990,0.002,14.80,10.56
R,Bok-,-6065,2nd,7.5um Brefeldin A,1,3.09,0.32,2.90,0.30,0.186,0.024,0.940,0.026,13.87,12.17
S,Bok-,-6311,1st,20mM Sodium Butyrate,1,3.01,0.04,2.91,0.06,0.100,0.017,0.994,0.007,14.55,11.22
E,"Bak-,Bax-,Bok-",-6128,1st,15ug/mL Puromycin,1,2.93,0.06,2.91,0.06,0.031,0.024,0.994,0.002,15.48,13.25
X,Bax-,-6154,1st,15ug/mL Puromycin,1,2.99,0.14,2.93,0.13,0.060,0.027,0.980,0.008,15.52,11.98
Q,Bok-,-5740,1st,15ug/mL Puromycin,1,3.04,0.09,2.93,0.08,0.113,0.015,0.964,0.002,14.07,11.47
Z,Bok-,-6250,1st,20mM Sodium Butyrate,1,3.00,0.17,2.94,0.20,0.072,0.027,0.987,0.009,15.44,10.94
L,Empty,-5703,2nd,15ug/mL Puromycin,1,3.08,0.26,2.96,0.27,0.123,0.036,0.960,0.014,14.29,12.25
N,Empty,-6251,2nd,7.5um Brefeldin A,1,3.27,0.36,2.96,0.35,0.314,0.045,0.904,0.030,12.65,11.45
F,"Bak-,Bok-",-6075,1st,15ug/mL Puromycin,1,2.99,0.06,2.97,0.06,0.023,0.006,0.993,0.003,15.79,9.92
Y,Bax-,-6166,1st,20mM Sodium Butyrate,1,3.08,0.16,2.97,0.18,0.112,0.026,0.985,0.010,14.68,10.79
H,"Bak-,Bok-",-6080,1st,20mM Sodium Butyrate,1,3.06,0.13,3.00,0.11,0.053,0.030,0.992,0.008,17.01,10.22
G,"Bak-,Bok-",-6076,1st,20mM Sodium Butyrate,1,3.07,0.12,3.02,0.10,0.047,0.006,0.993,0.003,15.82,10.79
F,"Bak-,Bok-",-6075,1st,20mM Sodium Butyrate,1,3.05,0.24,3.03,0.23,0.016,0.007,0.991,0.003,15.51,11.50
Y,Bax-,-6166,2nd,15ug/mL Puromycin,1,3.16,0.22,3.04,0.22,0.127,0.029,0.960,0.011,14.65,12.11
V,Bak-,-6303,1st,15ug/mL Puromycin,1,3.09,0.24,3.04,0.23,0.049,0.019,0.984,0.004,15.94,14.36
G,"Bak-,Bok-",-6076,2nd,20mM Sodium Butyrate,1,3.08,0.13,3.04,0.12,0.037,0.021,0.981,0.006,15.10,9.42
P,"Bak-,Bax-",-6134,2nd,20mM Sodium Butyrate,1,3.07,0.23,3.04,0.22,0.029,0.006,0.987,0.001,15.66,9.93
L,Empty,-5703,1st,15ug/mL Puromycin,1,3.08,0.05,3.04,0.05,0.043,0.007,0.987,0.003,15.64,12.77
N,Empty,-6251,1st,15ug/mL Puromycin,1,3.15,0.10,3.05,0.11,0.100,0.021,0.968,0.007,14.80,11.38
W,Bax-,-6109,2nd,15ug/mL Puromycin,1,3.10,0.04,3.05,0.05,0.043,0.015,0.985,0.005,14.79,10.91
H,"Bak-,Bok-",-6080,1st,15ug/mL Puromycin,1,3.10,0.23,3.06,0.23,0.045,0.018,0.986,0.005,16.79,10.09
E,"Bak-,Bax-,Bok-",-6128,2nd,15ug/mL Puromycin,1,3.08,0.19,3.06,0.20,0.014,0.009,0.996,0.002,15.41,10.15
H,"Bak-,Bok-",-6080,2nd,15ug/mL Puromycin,1,3.10,0.21,3.07,0.22,0.031,0.009,0.990,0.004,15.18,12.19
V,Bak-,-6303,2nd,20mM Sodium Butyrate,1,3.13,0.12,3.07,0.14,0.063,0.022,0.975,0.009,16.05,11.72
X,Bax-,-6154,2nd,20mM Sodium Butyrate,1,3.17,0.13,3.08,0.12,0.117,0.018,0.995,0.019,15.39,11.38
N,Empty,-6251,1st,7.5um Brefeldin A,1,3.38,0.37,3.08,0.35,0.299,0.043,0.912,0.030,12.57,11.38
G,"Bak-,Bok-",-6076,1st,15ug/mL Puromycin,1,3.12,0.09,3.09,0.08,0.035,0.006,0.989,0.002,16.20,10.56
K,"Bax-,Bok-",-6212,1st,20mM Sodium Butyrate,1,3.18,0.18,3.09,0.21,0.090,0.030,0.989,0.010,16.13,12.57
D,"Bak-,Bax-,Bok-",-6101,1st,15ug/mL Puromycin,1,3.12,0.12,3.10,0.11,0.020,0.007,0.994,0.003,17.30,9.70
C,"Bak-,Bax-,Bok-",-6077,1st,7.5um Brefeldin A,1,3.12,0.38,3.10,0.38,0.019,0.002,0.994,0.008,14.20,15.17
D,"Bak-,Bax-,Bok-",-6101,2nd,15ug/mL Puromycin,1,3.13,0.06,3.11,0.06,0.020,0.003,0.994,0.000,16.36,13.30
K,"Bax-,Bok-",-6212,2nd,20mM Sodium Butyrate,1,3.17,0.28,3.11,0.26,0.057,0.023,0.975,0.005,15.55,11.19
Z,Bok-,-6250,2nd,20mM Sodium Butyrate,1,3.19,0.11,3.12,0.09,0.068,0.029,0.989,0.008,15.18,10.00
S,Bok-,-6311,2nd,7.5um Brefeldin A,1,3.31,0.34,3.12,0.33,0.182,0.024,0.945,0.027,13.69,11.76
D,"Bak-,Bax-,Bok-",-6101,1st,20mM Sodium Butyrate,1,3.13,0.18,3.13,0.18,0.000,0.000,0.989,0.000,18.01,#DIV/0!
B,"Bak-,Bax-",-6145,1st,7.5um Brefeldin A,1,3.17,0.33,3.13,0.33,0.045,0.005,0.986,0.014,14.65,11.53
E,"Bak-,Bax-,Bok-",-6128,1st,20mM Sodium Butyrate,1,3.15,0.20,3.13,0.21,0.014,0.019,0.996,0.005,16.03,11.29
M,Empty,-6161,1st,7.5um Brefeldin A,1,3.22,0.32,3.14,0.32,0.077,0.009,0.976,0.015,13.66,10.85
M,Empty,-6161,1st,15ug/mL Puromycin,1,3.21,0.36,3.14,0.37,0.073,0.010,0.978,0.005,15.27,10.98
Z,Bok-,-6250,1st,15ug/mL Puromycin,1,3.21,0.19,3.14,0.15,0.075,0.054,0.978,0.015,14.52,11.47
L,Empty,-5703,2nd,20mM Sodium Butyrate,1,3.27,0.24,3.16,0.23,0.117,0.008,0.979,0.003,15.27,10.96
G,"Bak-,Bok-",-6076,2nd,15ug/mL Puromycin,1,3.18,0.04,3.16,0.04,0.018,0.016,0.995,0.004,15.90,11.56
B,"Bak-,Bax-",-6145,2nd,7.5um Brefeldin A,1,3.19,0.35,3.16,0.35,0.033,0.004,0.990,0.011,14.66,12.54
F,"Bak-,Bok-",-6075,2nd,20mM Sodium Butyrate,1,3.20,0.07,3.17,0.07,0.037,0.014,0.991,0.004,15.61,9.37
E,"Bak-,Bax-,Bok-",-6128,2nd,20mM Sodium Butyrate,1,3.19,0.21,3.17,0.22,0.014,0.009,0.985,0.004,15.83,13.58
N,Empty,-6251,1st,20mM Sodium Butyrate,1,3.27,0.16,3.17,0.18,0.116,0.017,0.988,0.012,15.41,10.76
K,"Bax-,Bok-",-6212,2nd,15ug/mL Puromycin,1,3.21,0.12,3.17,0.11,0.035,0.016,0.989,0.003,14.95,10.06
J,"Bax-,Bok-",-6105,2nd,20mM Sodium Butyrate,1,3.26,0.27,3.18,0.29,0.085,0.034,0.984,0.013,14.86,9.67
K,"Bax-,Bok-",-6212,1st,15ug/mL Puromycin,1,3.25,0.14,3.19,0.10,0.061,0.032,0.982,0.010,15.88,10.10
C,"Bak-,Bax-,Bok-",-6077,2nd,20mM Sodium Butyrate,1,3.21,0.09,3.19,0.09,0.020,0.009,0.984,0.003,15.07,8.70
H,"Bak-,Bok-",-6080,2nd,20mM Sodium Butyrate,1,3.24,0.18,3.19,0.17,0.045,0.012,0.986,0.003,15.90,12.22
B,"Bak-,Bax-",-6145,2nd,7.5uM Tunicamycin,1,3.24,0.35,3.20,0.34,0.031,0.004,0.991,0.012,14.98,16.31
C,"Bak-,Bax-,Bok-",-6077,2nd,15ug/mL Puromycin,1,3.23,0.07,3.20,0.08,0.018,0.010,0.993,0.004,15.05,10.67
A,"Bak-,Bax-",-6068,2nd,20mM Sodium Butyrate,1,3.23,0.26,3.20,0.24,0.023,0.016,0.985,0.004,16.24,10.75
M,Empty,-6161,1st,20mM Sodium Butyrate,1,3.36,0.21,3.20,0.22,0.150,0.013,0.982,0.008,15.59,11.35
C,"Bak-,Bax-,Bok-",-6077,1st,15ug/mL Puromycin,1,3.23,0.58,3.21,0.58,0.013,0.010,0.995,0.004,15.18,11.56
U,Bak-,-6263,1st,20mM Sodium Butyrate,1,3.29,0.12,3.21,0.12,0.072,0.007,0.967,0.002,15.50,11.73
W,Bax-,-6109,2nd,20mM Sodium Butyrate,1,3.30,0.09,3.21,0.05,0.088,0.038,0.994,0.011,14.97,11.11
W,Bax-,-6109,1st,20mM Sodium Butyrate,1,3.28,0.40,3.22,0.37,0.056,0.024,0.991,0.005,15.66,12.82
M,Empty,-6161,2nd,15ug/mL Puromycin,1,3.29,0.28,3.23,0.27,0.053,0.014,0.983,0.005,14.74,11.28
Z,Bok-,-6250,2nd,15ug/mL Puromycin,1,3.28,0.31,3.23,0.31,0.051,0.010,0.985,0.002,14.72,10.80
P,"Bak-,Bax-",-6134,2nd,15ug/mL Puromycin,1,3.28,0.29,3.24,0.28,0.038,0.022,0.989,0.006,15.78,12.34
Y,Bax-,-6166,2nd,20mM Sodium Butyrate,1,3.39,0.13,3.25,0.14,0.133,0.029,0.983,0.008,15.18,11.54
B,"Bak-,Bax-",-6145,1st,20mM Sodium Butyrate,1,3.27,0.19,3.26,0.19,0.010,0.003,0.984,0.000,17.08,10.80
P,"Bak-,Bax-",-6134,2nd,7.5um Brefeldin A,1,3.30,0.38,3.26,0.37,0.039,0.005,0.988,0.012,14.39,12.24
S,Bok-,-6311,2nd,7.5uM Tunicamycin,1,3.31,0.32,3.26,0.33,0.049,0.006,0.985,0.015,13.93,12.27
R,Bok-,-6065,2nd,20mM Sodium Butyrate,1,3.43,0.18,3.26,0.21,0.172,0.057,0.989,0.018,14.69,10.81
F,"Bak-,Bok-",-6075,2nd,15ug/mL Puromycin,1,3.29,0.16,3.27,0.17,0.016,0.009,0.995,0.002,15.39,13.50
J,"Bax-,Bok-",-6105,2nd,15ug/mL Puromycin,1,3.29,0.22,3.27,0.22,0.049,0.017,0.995,0.003,15.13,16.12
D,"Bak-,Bax-,Bok-",-6101,2nd,7.5um Brefeldin A,1,3.29,0.35,3.27,0.35,0.023,0.003,0.993,0.010,14.64,12.90
B,"Bak-,Bax-",-6145,2nd,15ug/mL Puromycin,1,3.29,0.04,3.27,0.03,0.018,0.010,0.996,0.003,16.17,12.11
I,"Bax-,Bok-",-6083,2nd,15ug/mL Puromycin,1,3.32,0.07,3.27,0.08,0.049,0.019,0.985,0.006,15.22,10.72
L,Empty,-5703,1st,7.5um Brefeldin A,1,3.42,0.37,3.28,0.37,0.140,0.018,0.959,0.021,13.74,11.52
D,"Bak-,Bax-,Bok-",-6101,1st,7.5um Brefeldin A,1,3.32,0.36,3.29,0.36,0.034,0.004,0.990,0.010,14.37,10.77
L,Empty,-5703,2nd,7.5um Brefeldin A,1,3.44,0.37,3.29,0.36,0.157,0.020,0.955,0.021,13.68,10.69
L,Empty,-5703,1st,7.5uM Tunicamycin,1,3.40,0.38,3.30,0.38,0.102,0.013,0.970,0.018,14.70,11.41
P,"Bak-,Bax-",-6134,1st,7.5uM Tunicamycin,1,3.34,0.33,3.31,0.33,0.034,0.004,0.990,0.012,14.86,11.12
I,"Bax-,Bok-",-6083,2nd,20mM Sodium Butyrate,1,3.41,0.03,3.32,0.03,0.090,0.009,0.987,0.003,14.78,10.24
V,Bak-,-6303,1st,20mM Sodium Butyrate,1,3.39,0.25,3.32,0.24,0.067,0.015,0.979,0.003,16.46,12.56
M,Empty,-6161,2nd,20mM Sodium Butyrate,1,3.40,0.11,3.32,0.12,0.340,0.468,0.979,0.005,15.14,11.24
O,None,Parental,1st,7.5um Brefeldin A,1,3.51,0.35,3.32,0.35,0.195,0.025,0.945,0.026,13.15,10.84
B,"Bak-,Bax-",-6145,1st,15ug/mL Puromycin,1,3.40,0.09,3.34,0.04,0.023,0.006,0.982,0.017,16.59,11.42
I,"Bax-,Bok-",-6083,1st,20mM Sodium Butyrate,1,3.41,0.24,3.34,0.25,0.065,0.020,0.993,0.007,15.06,9.60
A,"Bak-,Bax-",-6068,1st,7.5um Brefeldin A,1,3.37,0.42,3.35,0.42,0.023,0.003,0.993,0.008,14.06,10.64
E,"Bak-,Bax-,Bok-",-6128,1st,7.5um Brefeldin A,1,3.40,0.40,3.37,0.40,0.028,0.004,0.992,0.010,13.97,12.75
D,"Bak-,Bax-,Bok-",-6101,2nd,7.5uM Tunicamycin,1,3.41,0.34,3.37,0.34,0.034,0.004,0.990,0.010,14.96,15.39
A,"Bak-,Bax-",-6068,2nd,15ug/mL Puromycin,1,3.38,0.21,3.38,0.21,0.004,0.007,0.999,0.002,16.02,10.00
A,"Bak-,Bax-",-6068,1st,15ug/mL Puromycin,1,3.39,0.40,3.38,0.41,0.016,0.017,0.996,0.006,15.74,11.82
Q,Bok-,-5740,1st,7.5um Brefeldin A,1,3.56,0.36,3.38,0.35,0.177,0.022,0.950,0.024,13.34,11.36
R,Bok-,-6065,1st,7.5um Brefeldin A,1,3.55,0.39,3.38,0.38,0.170,0.023,0.952,0.022,13.72,11.65
B,"Bak-,Bax-",-6145,1st,7.5uM Tunicamycin,1,3.42,0.38,3.38,0.38,0.041,0.005,0.988,0.014,15.08,12.92
N,Empty,-6251,2nd,7.5uM Tunicamycin,1,3.54,0.35,3.38,0.35,0.162,0.020,0.954,0.026,14.42,12.48
C,"Bak-,Bax-,Bok-",-6077,2nd,7.5uM Tunicamycin,1,3.43,0.37,3.40,0.37,0.028,0.003,0.992,0.011,14.55,13.24
P,"Bak-,Bax-",-6134,2nd,7.5uM Tunicamycin,1,3.43,0.31,3.40,0.31,0.033,0.003,0.990,0.011,14.68,11.29
D,"Bak-,Bax-,Bok-",-6101,1st,7.5uM Tunicamycin,1,3.46,0.34,3.42,0.34,0.039,0.004,0.989,0.012,15.04,12.73
N,Empty,-6251,2nd,15ug/mL Puromycin,1,3.55,0.22,3.43,0.23,0.422,0.499,0.965,0.012,14.11,12.80
A,"Bak-,Bax-",-6068,2nd,7.5uM Tunicamycin,1,3.50,0.39,3.44,0.37,0.062,0.008,0.982,0.016,14.45,12.23
R,Bok-,-6065,1st,7.5uM Tunicamycin,1,3.52,0.36,3.45,0.35,0.073,0.009,0.979,0.016,14.41,11.43
R,Bok-,-6065,2nd,7.5uM Tunicamycin,1,3.52,0.42,3.45,0.41,0.067,0.009,0.981,0.013,14.29,12.39
I,"Bax-,Bok-",-6083,1st,15ug/mL Puromycin,1,3.50,0.15,3.48,0.13,0.022,0.028,0.993,0.007,14.38,10.19
P,"Bak-,Bax-",-6134,1st,7.5um Brefeldin A,1,3.50,0.36,3.48,0.36,0.019,0.002,0.995,0.008,14.33,13.07
N,Empty,-6251,1st,7.5uM Tunicamycin,1,3.65,0.37,3.48,0.37,0.162,0.021,0.956,0.028,14.45,13.58
S,Bok-,-6311,1st,7.5um Brefeldin A,1,3.64,0.43,3.49,0.41,0.149,0.021,0.959,0.021,13.59,11.71
L,Empty,-5703,1st,20mM Sodium Butyrate,1,3.58,0.10,3.50,0.11,0.088,0.015,0.993,0.004,16.05,11.69
Q,Bok-,-5740,2nd,7.5um Brefeldin A,1,3.68,0.38,3.50,0.38,0.176,0.022,0.952,0.021,13.28,12.10
L,Empty,-5703,2nd,7.5uM Tunicamycin,1,3.61,0.37,3.51,0.37,0.109,0.013,0.970,0.018,14.56,11.04
O,None,Parental,2nd,7.5um Brefeldin A,1,3.72,0.31,3.52,0.32,0.193,0.021,0.948,0.022,13.34,11.70
S,Bok-,-6311,1st,7.5uM Tunicamycin,1,3.58,0.38,3.53,0.38,0.050,0.006,0.986,0.012,13.87,10.98
E,"Bak-,Bax-,Bok-",-6128,1st,7.5uM Tunicamycin,1,3.57,0.36,3.54,0.36,0.032,0.004,0.991,0.010,14.80,11.73
D,"Bak-,Bax-,Bok-",-6101,2nd,20mM Sodium Butyrate,1,3.59,0.11,3.55,0.10,0.037,0.012,0.980,0.004,15.97,11.53
Q,Bok-,-5740,1st,7.5uM Tunicamycin,1,3.63,0.42,3.55,0.42,0.083,0.011,0.977,0.017,13.92,11.16
B,"Bak-,Bax-",-6145,2nd,20mM Sodium Butyrate,1,3.59,0.27,3.57,0.26,0.016,0.009,0.989,0.003,16.36,11.50
J,"Bax-,Bok-",-6105,1st,20mM Sodium Butyrate,1,3.74,0.19,3.60,0.21,0.135,0.027,0.989,0.010,15.58,11.57
M,Empty,-6161,2nd,7.5uM Tunicamycin,1,3.66,0.34,3.60,0.34,0.057,0.006,0.984,0.014,14.36,12.45
E,"Bak-,Bax-,Bok-",-6128,2nd,7.5uM Tunicamycin,1,3.66,0.41,3.61,0.40,0.044,0.005,0.988,0.011,14.65,14.06
M,Empty,-6161,1st,7.5uM Tunicamycin,1,3.67,0.37,3.62,0.36,0.045,0.005,0.988,0.013,14.43,13.66
Q,Bok-,-5740,2nd,7.5uM Tunicamycin,1,3.68,0.38,3.62,0.37,0.062,0.007,0.983,0.015,14.07,11.80
C,"Bak-,Bax-,Bok-",-6077,1st,20mM Sodium Butyrate,1,3.67,0.22,3.66,0.22,0.010,0.009,0.992,0.002,15.99,12.80
A,"Bak-,Bax-",-6068,1st,7.5uM Tunicamycin,1,3.71,0.35,3.66,0.34,0.055,0.006,0.985,0.022,14.32,11.01
A,"Bak-,Bax-",-6068,1st,20mM Sodium Butyrate,1,3.74,0.17,3.72,0.15,0.020,0.018,0.987,0.004,15.48,8.80
C,"Bak-,Bax-,Bok-",-6077,1st,7.5uM Tunicamycin,1,3.80,0.38,3.75,0.37,0.050,0.005,0.987,0.011,14.42,12.19
O,None,Parental,2nd,7.5uM Tunicamycin,1,3.81,0.36,3.75,0.35,0.066,0.007,0.983,0.013,14.33,10.67
M,Empty,-6161,2nd,7.5um Brefeldin A,1,3.92,0.37,3.78,0.36,0.136,0.015,0.965,0.017,13.54,11.60
O,None,Parental,1st,7.5uM Tunicamycin,1,3.88,0.40,3.79,0.40,0.093,0.011,0.976,0.014,14.20,10.81
E,"Bak-,Bax-,Bok-",-6128,2nd,7.5um Brefeldin A,1,3.85,0.38,3.81,0.37,0.049,0.005,0.987,0.013,14.03,9.98
C,"Bak-,Bax-,Bok-",-6077,2nd,7.5um Brefeldin A,1,3.87,0.34,3.85,0.34,0.027,0.003,0.993,0.009,14.30,9.26
A,"Bak-,Bax-",-6068,2nd,7.5um Brefeldin A,1,3.92,0.36,3.88,0.36,0.036,0.004,0.991,0.010,14.21,14.52
N,Empty,-6251,2nd,20mM Sodium Butyrate,1,4.08,0.21,3.94,0.23,0.148,0.022,0.980,0.007,14.77,10.86
J,"Bax-,Bok-",-6105,1st,15ug/mL Puromycin,1,4.16,0.19,4.08,0.21,0.082,0.027,0.981,0.007,15.41,11.48
Q,Bok-,-5740,2nd,15ug/mL Puromycin,2,2.59,0.13,0.78,0.14,1.807,0.102,0.302,0.044,11.30,10.84
O,None,Parental,2nd,15ug/mL Puromycin,2,2.76,0.23,0.86,0.10,1.898,0.205,0.312,0.034,11.40,10.72
S,Bok-,-6311,2nd,15ug/mL Puromycin,2,2.68,0.33,0.96,0.15,1.715,0.252,0.360,0.044,11.10,11.01
R,Bok-,-6065,2nd,15ug/mL Puromycin,2,2.89,0.32,0.97,0.20,1.918,0.143,0.337,0.039,12.74,12.48
Q,Bok-,-5740,1st,15ug/mL Puromycin,2,2.98,0.05,1.02,0.13,1.963,0.101,0.341,0.040,11.86,11.59
R,Bok-,-6065,1st,15ug/mL Puromycin,2,2.56,0.29,1.06,0.15,1.493,0.209,0.416,0.041,13.10,13.28
O,None,Parental,1st,15ug/mL Puromycin,2,2.36,0.27,1.08,0.16,1.277,0.220,0.459,0.063,12.96,12.86
S,Bok-,-6311,1st,15ug/mL Puromycin,2,2.65,0.21,1.20,0.08,1.443,0.239,0.453,0.055,12.30,12.50
N,Empty,-6251,1st,15ug/mL Puromycin,2,3.26,0.16,1.24,0.06,2.017,0.102,0.381,0.005,12.54,12.41
L,Empty,-5703,2nd,15ug/mL Puromycin,2,3.26,0.10,1.27,0.17,1.993,0.187,0.389,0.053,12.82,11.99
S,Bok-,-6311,2nd,20mM Sodium Butyrate,2,1.85,0.09,1.38,0.10,0.475,0.048,0.744,0.030,14.41,11.92
Y,Bax-,-6166,2nd,15ug/mL Puromycin,2,3.17,0.04,1.40,0.05,1.767,0.049,0.441,0.015,12.35,11.67
Z,Bok-,-6250,2nd,20mM Sodium Butyrate,2,1.64,0.12,1.40,0.13,0.242,0.019,0.852,0.019,14.95,11.38
N,Empty,-6251,2nd,15ug/mL Puromycin,2,3.56,0.29,1.42,0.21,2.140,0.092,0.399,0.027,12.94,12.53
Z,Bok-,-6250,1st,20mM Sodium Butyrate,2,1.81,0.14,1.60,0.13,0.207,0.012,0.884,0.007,14.50,11.27
T,Bak-,-5994,1st,20mM Sodium Butyrate,2,1.83,0.04,1.66,0.02,0.164,0.026,0.909,0.016,13.18,10.33
N,Empty,-6251,1st,7.5um Brefeldin A,2,3.42,0.37,1.70,0.24,1.713,0.367,0.499,0.053,12.77,11.86
Y,Bax-,-6166,1st,15ug/mL Puromycin,2,3.42,0.16,1.73,0.20,1.688,0.085,0.506,0.038,12.86,12.30
N,Empty,-6251,2nd,7.5um Brefeldin A,2,3.32,0.39,1.73,0.27,1.593,0.379,0.520,0.062,13.08,12.12
Q,Bok-,-5740,2nd,20mM Sodium Butyrate,2,2.44,0.08,1.81,0.06,0.637,0.018,0.739,0.000,14.44,11.56
O,None,Parental,2nd,20mM Sodium Butyrate,2,2.40,0.18,1.82,0.15,0.585,0.051,0.759,0.013,14.24,10.77
K,"Bax-,Bok-",-6212,2nd,15ug/mL Puromycin,2,3.01,0.09,1.83,0.15,1.173,0.136,0.610,0.044,12.90,12.34
O,None,Parental,1st,20mM Sodium Butyrate,2,2.29,0.17,1.85,0.14,0.444,0.030,0.807,0.002,14.20,11.85
R,Bok-,-6065,2nd,20mM Sodium Butyrate,2,2.58,0.13,1.89,0.16,0.698,0.047,0.730,0.029,13.77,11.46
R,Bok-,-6065,1st,20mM Sodium Butyrate,2,2.37,0.25,1.89,0.15,0.478,0.101,0.798,0.025,14.29,12.33
Q,Bok-,-5740,1st,20mM Sodium Butyrate,2,2.47,0.11,1.95,0.15,0.518,0.072,0.791,0.034,14.20,11.39
T,Bak-,-5994,2nd,20mM Sodium Butyrate,2,2.14,0.11,1.97,0.13,0.170,0.016,0.920,0.012,13.66,10.98
V,Bak-,-6303,2nd,20mM Sodium Butyrate,2,2.20,0.17,1.97,0.13,0.232,0.053,0.895,0.015,14.58,11.81
M,Empty,-6161,1st,15ug/mL Puromycin,2,2.97,0.01,1.97,0.09,0.996,0.097,0.663,0.032,12.33,12.37
M,Empty,-6161,2nd,15ug/mL Puromycin,2,3.21,0.18,1.97,0.18,1.235,0.045,0.615,0.026,12.70,12.11
K,"Bax-,Bok-",-6212,1st,20mM Sodium Butyrate,2,2.18,0.09,1.97,0.09,0.209,0.029,0.902,0.013,15.17,11.08
Y,Bax-,-6166,1st,20mM Sodium Butyrate,2,2.41,0.12,2.00,0.11,0.419,0.019,0.827,0.009,14.36,11.81
L,Empty,-5703,1st,15ug/mL Puromycin,2,3.43,0.23,2.00,0.13,1.427,0.120,0.584,0.016,14.98,13.39
S,Bok-,-6311,1st,20mM Sodium Butyrate,2,2.39,0.34,2.02,0.22,0.377,0.126,0.843,0.030,14.27,11.33
F,"Bak-,Bok-",-6075,1st,20mM Sodium Butyrate,2,2.15,0.03,2.02,0.03,0.123,0.006,0.941,0.002,15.23,10.08
X,Bax-,-6154,1st,20mM Sodium Butyrate,2,2.29,0.19,2.03,0.14,0.263,0.076,0.887,0.025,14.53,11.88
G,"Bak-,Bok-",-6076,2nd,20mM Sodium Butyrate,2,2.21,0.32,2.05,0.31,0.157,0.017,0.929,0.005,14.78,11.33
X,Bax-,-6154,2nd,15ug/mL Puromycin,2,3.08,0.09,2.06,0.11,1.021,0.134,0.668,0.039,13.54,12.29
H,"Bak-,Bok-",-6080,2nd,20mM Sodium Butyrate,2,2.28,0.15,2.09,0.10,0.191,0.053,0.917,0.018,14.13,11.19
Y,Bax-,-6166,2nd,20mM Sodium Butyrate,2,2.72,0.15,2.09,0.08,0.620,0.075,0.771,0.020,14.63,11.14
K,"Bax-,Bok-",-6212,2nd,20mM Sodium Butyrate,2,2.32,0.10,2.12,0.08,0.201,0.032,0.914,0.013,14.69,12.32
L,Empty,-5703,2nd,20mM Sodium Butyrate,2,2.74,0.20,2.14,0.21,0.418,0.313,0.783,0.018,15.01,11.19
T,Bak-,-5994,2nd,15ug/mL Puromycin,2,2.67,0.39,2.17,0.27,0.504,0.131,0.812,0.024,14.10,12.57
X,Bax-,-6154,2nd,20mM Sodium Butyrate,2,2.54,0.13,2.17,0.15,0.373,0.074,0.853,0.029,14.90,11.35
N,Empty,-6251,1st,20mM Sodium Butyrate,2,2.74,0.28,2.21,0.27,0.530,0.041,0.807,0.019,14.79,11.20
T,Bak-,-5994,1st,15ug/mL Puromycin,2,2.70,0.20,2.22,0.10,0.487,0.099,0.820,0.026,13.87,11.96
B,"Bak-,Bax-",-6145,2nd,20mM Sodium Butyrate,2,2.26,0.20,2.22,0.22,0.037,0.019,0.983,0.012,15.84,11.72
V,Bak-,-6303,1st,20mM Sodium Butyrate,2,2.40,0.31,2.25,0.26,0.158,0.051,0.934,0.015,15.33,11.38
I,"Bax-,Bok-",-6083,2nd,20mM Sodium Butyrate,2,2.53,0.10,2.25,0.15,0.282,0.044,0.891,0.022,15.01,11.88
K,"Bax-,Bok-",-6212,1st,15ug/mL Puromycin,2,3.28,0.16,2.29,0.09,0.992,0.083,0.697,0.012,13.83,13.21
H,"Bak-,Bok-",-6080,1st,20mM Sodium Butyrate,2,2.46,0.07,2.30,0.09,0.114,0.087,0.936,0.008,15.76,11.91
X,Bax-,-6154,1st,15ug/mL Puromycin,2,3.32,0.21,2.31,0.17,1.013,0.146,0.695,0.036,13.59,11.57
Z,Bok-,-6250,2nd,15ug/mL Puromycin,2,3.37,0.15,2.33,0.12,1.030,0.040,0.692,0.010,13.24,12.18
D,"Bak-,Bax-,Bok-",-6101,1st,20mM Sodium Butyrate,2,2.36,0.09,2.34,0.11,0.018,0.016,0.993,0.007,17.27,12.33
W,Bax-,-6109,1st,20mM Sodium Butyrate,2,2.58,0.39,2.34,0.37,0.243,0.048,0.906,0.020,14.90,11.04
G,"Bak-,Bok-",-6076,1st,20mM Sodium Butyrate,2,2.50,0.23,2.35,0.22,0.153,0.030,0.940,0.010,14.72,11.03
J,"Bax-,Bok-",-6105,2nd,20mM Sodium Butyrate,2,2.83,0.05,2.37,0.07,0.463,0.082,0.837,0.026,14.27,11.42
F,"Bak-,Bok-",-6075,2nd,20mM Sodium Butyrate,2,2.52,0.14,2.38,0.13,0.446,0.478,0.942,0.019,15.38,10.94
P,"Bak-,Bax-",-6134,1st,15ug/mL Puromycin,2,2.45,0.09,2.39,0.08,0.065,0.016,0.973,0.005,15.42,12.94
V,Bak-,-6303,2nd,15ug/mL Puromycin,2,2.78,0.29,2.40,0.30,0.378,0.072,0.864,0.027,14.53,12.40
R,Bok-,-6065,2nd,7.5um Brefeldin A,2,3.24,0.28,2.46,0.27,0.772,0.117,0.762,0.050,13.58,12.33
M,Empty,-6161,1st,20mM Sodium Butyrate,2,2.71,0.23,2.47,0.24,0.238,0.047,0.911,0.020,15.33,11.56
P,"Bak-,Bax-",-6134,1st,20mM Sodium Butyrate,2,2.50,0.13,2.47,0.15,0.031,0.015,0.988,0.009,15.42,13.00
W,Bax-,-6109,2nd,15ug/mL Puromycin,2,3.50,0.17,2.51,0.11,0.985,0.165,0.718,0.039,13.26,11.97
L,Empty,-5703,1st,20mM Sodium Butyrate,2,3.06,0.18,2.53,0.18,0.524,0.035,0.829,0.013,14.60,11.35
U,Bak-,-6263,2nd,20mM Sodium Butyrate,2,2.78,0.05,2.53,0.02,0.250,0.046,0.910,0.015,14.74,11.72
E,"Bak-,Bax-,Bok-",-6128,1st,20mM Sodium Butyrate,2,2.59,0.17,2.54,0.17,0.041,0.010,0.983,0.005,15.94,12.43
W,Bax-,-6109,2nd,20mM Sodium Butyrate,2,2.88,0.11,2.55,0.10,0.328,0.012,0.886,0.003,14.90,11.49
U,Bak-,-6263,1st,20mM Sodium Butyrate,2,2.77,0.15,2.56,0.08,0.211,0.098,0.924,0.030,14.86,11.22
Z,Bok-,-6250,1st,15ug/mL Puromycin,2,3.29,0.15,2.57,0.16,0.721,0.048,0.781,0.016,14.17,12.65
O,None,Parental,1st,7.5um Brefeldin A,2,3.63,0.34,2.59,0.29,1.037,0.166,0.714,0.048,13.30,12.12
I,"Bax-,Bok-",-6083,1st,20mM Sodium Butyrate,2,2.94,0.37,2.60,0.34,0.345,0.085,0.883,0.026,14.81,11.80
N,Empty,-6251,1st,7.5uM Tunicamycin,2,3.61,0.32,2.61,0.29,0.998,0.153,0.724,0.047,13.47,12.38
V,Bak-,-6303,1st,15ug/mL Puromycin,2,2.99,0.49,2.62,0.42,0.370,0.094,0.877,0.017,14.32,12.72
H,"Bak-,Bok-",-6080,2nd,15ug/mL Puromycin,2,3.02,0.05,2.68,0.04,0.240,0.180,0.887,0.008,15.18,12.92
Q,Bok-,-5740,2nd,7.5um Brefeldin A,2,3.60,0.37,2.68,0.34,0.926,0.154,0.743,0.047,13.18,12.05
N,Empty,-6251,2nd,20mM Sodium Butyrate,2,3.37,0.05,2.69,0.06,0.686,0.108,0.797,0.030,14.63,11.56
J,"Bax-,Bok-",-6105,1st,20mM Sodium Butyrate,2,3.35,0.07,2.69,0.06,0.659,0.119,0.803,0.032,14.86,11.54
W,Bax-,-6109,1st,15ug/mL Puromycin,2,3.50,0.11,2.71,0.10,0.796,0.012,0.774,0.006,13.57,12.38
O,None,Parental,2nd,7.5um Brefeldin A,2,3.80,0.35,2.71,0.29,1.091,0.168,0.713,0.044,13.29,12.09
S,Bok-,-6311,2nd,7.5um Brefeldin A,2,3.45,0.40,2.71,0.35,0.738,0.127,0.786,0.044,12.96,11.45
P,"Bak-,Bax-",-6134,2nd,20mM Sodium Butyrate,2,2.74,0.27,2.72,0.26,0.018,0.021,0.995,0.008,15.30,13.08
U,Bak-,-6263,2nd,15ug/mL Puromycin,2,2.95,0.15,2.73,0.17,0.215,0.021,0.926,0.011,15.05,13.32
C,"Bak-,Bax-,Bok-",-6077,2nd,20mM Sodium Butyrate,2,2.75,0.29,2.73,0.28,0.015,0.014,0.995,0.005,15.15,12.20
B,"Bak-,Bax-",-6145,1st,20mM Sodium Butyrate,2,2.80,0.21,2.76,0.21,0.034,0.012,0.987,0.004,15.95,11.30
M,Empty,-6161,2nd,20mM Sodium Butyrate,2,3.04,0.21,2.76,0.17,0.280,0.044,0.909,0.010,15.27,11.24
N,Empty,-6251,2nd,7.5uM Tunicamycin,2,3.76,0.39,2.76,0.34,0.995,0.161,0.736,0.044,13.48,12.46
H,"Bak-,Bok-",-6080,1st,15ug/mL Puromycin,2,2.99,0.24,2.77,0.25,0.215,0.018,0.927,0.011,15.24,12.74
R,Bok-,-6065,1st,7.5um Brefeldin A,2,3.61,0.37,2.78,0.35,0.838,0.137,0.768,0.046,13.58,12.16
Q,Bok-,-5740,1st,7.5um Brefeldin A,2,3.83,0.34,2.84,0.31,0.994,0.148,0.740,0.045,13.30,12.24
D,"Bak-,Bax-,Bok-",-6101,2nd,20mM Sodium Butyrate,2,2.88,0.17,2.85,0.17,0.031,0.014,0.990,0.003,16.14,12.00
L,Empty,-5703,2nd,7.5um Brefeldin A,2,3.61,0.41,2.85,0.36,0.760,0.125,0.790,0.040,13.47,11.90
F,"Bak-,Bok-",-6075,1st,15ug/mL Puromycin,2,3.06,0.03,2.86,0.04,0.207,0.030,0.934,0.010,15.55,12.00
E,"Bak-,Bax-,Bok-",-6128,1st,15ug/mL Puromycin,2,2.96,0.32,2.93,0.32,0.040,0.009,0.987,0.004,17.02,11.26
I,"Bax-,Bok-",-6083,2nd,15ug/mL Puromycin,2,3.45,0.07,2.94,0.13,0.502,0.053,0.853,0.021,13.72,12.29
E,"Bak-,Bax-,Bok-",-6128,2nd,20mM Sodium Butyrate,2,2.97,0.01,2.94,0.02,0.022,0.007,0.992,0.002,15.56,11.46
U,Bak-,-6263,1st,15ug/mL Puromycin,2,3.18,0.02,2.95,0.06,0.229,0.079,0.929,0.023,14.56,11.64
G,"Bak-,Bok-",-6076,1st,15ug/mL Puromycin,2,3.13,0.10,2.96,0.09,0.166,0.032,0.947,0.009,16.11,13.67
L,Empty,-5703,1st,7.5um Brefeldin A,2,3.58,0.40,2.97,0.37,0.616,0.101,0.828,0.043,13.32,11.84
G,"Bak-,Bok-",-6076,2nd,15ug/mL Puromycin,2,3.30,0.23,3.02,0.22,0.280,0.048,0.914,0.015,15.48,12.94
L,Empty,-5703,1st,7.5uM Tunicamycin,2,3.75,0.42,3.02,0.39,0.731,0.121,0.805,0.044,13.71,11.94
D,"Bak-,Bax-,Bok-",-6101,1st,15ug/mL Puromycin,2,3.05,0.08,3.03,0.09,0.025,0.007,0.992,0.004,17.44,14.77
A,"Bak-,Bax-",-6068,2nd,15ug/mL Puromycin,2,3.07,0.15,3.04,0.15,0.025,0.007,0.991,0.002,16.54,10.77
F,"Bak-,Bok-",-6075,2nd,15ug/mL Puromycin,2,3.25,0.27,3.04,0.22,0.207,0.054,0.935,0.011,14.95,12.78
D,"Bak-,Bax-,Bok-",-6101,2nd,15ug/mL Puromycin,2,3.14,0.09,3.07,0.10,0.076,0.033,0.976,0.012,15.67,10.85
M,Empty,-6161,1st,7.5um Brefeldin A,2,3.78,0.38,3.07,0.34,0.717,0.105,0.810,0.037,13.03,12.22
C,"Bak-,Bax-,Bok-",-6077,1st,20mM Sodium Butyrate,2,3.12,0.22,3.10,0.21,0.018,0.016,0.995,0.005,15.69,10.22
S,Bok-,-6311,1st,7.5um Brefeldin A,2,3.84,0.42,3.10,0.36,0.738,0.117,0.808,0.040,13.08,11.82
S,Bok-,-6311,2nd,7.5uM Tunicamycin,2,3.63,0.34,3.13,0.33,0.499,0.067,0.862,0.035,13.56,11.18
P,"Bak-,Bax-",-6134,2nd,15ug/mL Puromycin,2,3.22,0.14,3.14,0.09,0.072,0.056,0.976,0.017,14.89,11.27
I,"Bax-,Bok-",-6083,1st,15ug/mL Puromycin,2,3.57,0.33,3.15,0.29,0.414,0.055,0.883,0.010,14.32,12.33
B,"Bak-,Bax-",-6145,1st,15ug/mL Puromycin,2,3.23,0.42,3.21,0.43,0.053,0.043,0.992,0.004,16.98,12.39
C,"Bak-,Bax-,Bok-",-6077,1st,15ug/mL Puromycin,2,3.25,0.17,3.21,0.16,0.035,0.016,0.989,0.006,16.02,11.72
E,"Bak-,Bax-,Bok-",-6128,2nd,15ug/mL Puromycin,2,3.25,0.15,3.22,0.15,0.157,0.220,0.991,0.003,16.85,10.63
L,Empty,-5703,2nd,7.5uM Tunicamycin,2,4.01,0.40,3.25,0.36,0.761,0.115,0.810,0.040,13.60,11.84
B,"Bak-,Bax-",-6145,2nd,7.5um Brefeldin A,2,3.31,0.35,3.27,0.35,0.040,0.005,0.988,0.012,15.08,13.52
B,"Bak-,Bax-",-6145,2nd,15ug/mL Puromycin,2,3.30,0.14,3.28,0.14,0.023,0.016,0.992,0.005,16.16,12.17
J,"Bax-,Bok-",-6105,2nd,15ug/mL Puromycin,2,3.71,0.19,3.28,0.14,0.422,0.059,0.885,0.009,13.00,11.24
A,"Bak-,Bax-",-6068,2nd,20mM Sodium Butyrate,2,3.29,0.18,3.28,0.17,0.012,0.006,0.997,0.003,15.92,12.33
P,"Bak-,Bax-",-6134,2nd,7.5um Brefeldin A,2,3.34,0.27,3.28,0.28,0.056,0.005,0.983,0.014,14.87,14.80
S,Bok-,-6311,1st,7.5uM Tunicamycin,2,3.93,0.45,3.28,0.39,0.650,0.103,0.835,0.037,13.53,11.05
C,"Bak-,Bax-,Bok-",-6077,2nd,15ug/mL Puromycin,2,3.32,0.24,3.31,0.24,0.016,0.007,0.995,0.002,16.30,8.75
M,Empty,-6161,2nd,7.5um Brefeldin A,2,4.13,0.38,3.35,0.33,0.783,0.105,0.811,0.035,13.04,12.26
R,Bok-,-6065,1st,7.5uM Tunicamycin,2,3.98,0.37,3.36,0.33,0.624,0.088,0.843,0.040,13.62,11.87
B,"Bak-,Bax-",-6145,2nd,7.5uM Tunicamycin,2,3.41,0.35,3.37,0.35,0.039,0.004,0.989,0.013,15.68,13.50
B,"Bak-,Bax-",-6145,1st,7.5um Brefeldin A,2,3.42,0.40,3.38,0.40,0.045,0.006,0.987,0.013,15.01,11.70
M,Empty,-6161,2nd,7.5uM Tunicamycin,2,3.91,0.39,3.40,0.36,0.508,0.070,0.870,0.034,13.81,12.17
P,"Bak-,Bax-",-6134,2nd,7.5uM Tunicamycin,2,3.44,0.34,3.40,0.34,0.049,0.005,0.986,0.013,15.33,10.51
R,Bok-,-6065,2nd,7.5uM Tunicamycin,2,3.90,0.41,3.40,0.38,0.503,0.070,0.871,0.030,13.70,11.83
D,"Bak-,Bax-,Bok-",-6101,1st,7.5um Brefeldin A,2,3.47,0.34,3.42,0.34,0.050,0.005,0.986,0.012,14.97,12.99
B,"Bak-,Bax-",-6145,1st,7.5uM Tunicamycin,2,3.47,0.38,3.42,0.38,0.053,0.007,0.985,0.018,15.77,12.98
Q,Bok-,-5740,1st,7.5uM Tunicamycin,2,3.94,0.40,3.44,0.37,0.498,0.069,0.874,0.032,13.78,11.63
J,"Bax-,Bok-",-6105,1st,15ug/mL Puromycin,2,3.77,0.14,3.44,0.07,0.321,0.088,0.914,0.021,14.08,11.75
C,"Bak-,Bax-,Bok-",-6077,1st,7.5um Brefeldin A,2,3.47,0.39,3.45,0.39,0.023,0.003,0.994,0.009,14.59,11.40
A,"Bak-,Bax-",-6068,1st,15ug/mL Puromycin,2,3.50,0.09,3.46,0.09,0.031,0.003,0.990,0.002,16.67,12.75
P,"Bak-,Bax-",-6134,1st,7.5um Brefeldin A,2,3.52,0.37,3.48,0.36,0.033,0.004,0.991,0.011,14.83,15.97
D,"Bak-,Bax-,Bok-",-6101,2nd,7.5um Brefeldin A,2,3.53,0.37,3.49,0.37,0.036,0.004,0.990,0.010,15.13,13.73
M,Empty,-6161,1st,7.5uM Tunicamycin,2,3.96,0.42,3.49,0.38,0.478,0.069,0.879,0.034,13.97,11.91
D,"Bak-,Bax-,Bok-",-6101,1st,7.5uM Tunicamycin,2,3.58,0.38,3.52,0.37,0.061,0.008,0.983,0.029,15.92,12.17
P,"Bak-,Bax-",-6134,1st,7.5uM Tunicamycin,2,3.56,0.40,3.52,0.39,0.044,0.006,0.988,0.019,15.50,10.82
Q,Bok-,-5740,2nd,7.5uM Tunicamycin,2,3.92,0.36,3.53,0.34,0.395,0.049,0.899,0.029,13.94,11.49
O,None,Parental,2nd,7.5uM Tunicamycin,2,4.11,0.38,3.54,0.37,0.570,0.075,0.861,0.033,13.94,11.48
O,None,Parental,1st,7.5uM Tunicamycin,2,4.26,0.42,3.56,0.36,0.694,0.097,0.837,0.034,13.86,11.59
E,"Bak-,Bax-,Bok-",-6128,1st,7.5um Brefeldin A,2,3.63,0.32,3.58,0.32,0.049,0.005,0.986,0.012,14.33,13.04
D,"Bak-,Bax-,Bok-",-6101,2nd,7.5uM Tunicamycin,2,3.71,0.35,3.66,0.35,0.051,0.005,0.986,0.013,15.72,13.27
A,"Bak-,Bax-",-6068,1st,7.5um Brefeldin A,2,3.72,0.33,3.67,0.33,0.042,0.004,0.989,0.012,14.36,14.43
A,"Bak-,Bax-",-6068,2nd,7.5uM Tunicamycin,2,3.79,0.41,3.70,0.42,0.092,0.012,0.976,0.018,15.75,11.64
C,"Bak-,Bax-,Bok-",-6077,2nd,7.5uM Tunicamycin,2,3.84,0.40,3.79,0.39,0.053,0.006,0.986,0.011,15.40,10.18
E,"Bak-,Bax-,Bok-",-6128,1st,7.5uM Tunicamycin,2,3.87,0.35,3.82,0.35,0.051,0.005,0.987,0.010,16.03,11.81
A,"Bak-,Bax-",-6068,1st,20mM Sodium Butyrate,2,3.85,0.27,3.83,0.28,0.027,0.032,0.994,0.009,16.14,12.07
E,"Bak-,Bax-,Bok-",-6128,2nd,7.5uM Tunicamycin,2,3.95,0.35,3.89,0.34,0.063,0.006,0.984,0.012,15.87,11.39
C,"Bak-,Bax-,Bok-",-6077,1st,7.5uM Tunicamycin,2,3.98,0.36,3.92,0.36,0.065,0.007,0.984,0.014,15.35,11.67
A,"Bak-,Bax-",-6068,1st,7.5uM Tunicamycin,2,4.03,0.41,3.94,0.39,0.095,0.012,0.977,0.022,15.74,11.13
A,"Bak-,Bax-",-6068,2nd,7.5um Brefeldin A,2,3.99,0.36,3.95,0.36,0.040,0.004,0.990,0.011,14.44,12.60
E,"Bak-,Bax-,Bok-",-6128,2nd,7.5um Brefeldin A,2,4.01,0.37,3.95,0.37,0.060,0.006,0.985,0.012,14.29,12.25
C,"Bak-,Bax-,Bok-",-6077,2nd,7.5um Brefeldin A,2,4.17,0.40,4.14,0.40,0.028,0.003,0.993,0.009,14.60,13.98
R,Bok-,-6065,1st,15ug/mL Puromycin,3,2.34,0.19,0.06,0.03,2.277,0.194,0.026,0.014,13.06,12.12
L,Empty,-5703,2nd,15ug/mL Puromycin,3,2.99,0.38,0.10,0.05,2.893,0.386,0.033,0.019,12.33,10.12
S,Bok-,-6311,1st,15ug/mL Puromycin,3,2.44,0.23,0.17,0.04,2.265,0.201,0.071,0.011,13.21,12.39
N,Empty,-6251,1st,15ug/mL Puromycin,3,2.96,0.25,0.18,0.07,2.780,0.196,0.059,0.019,12.10,11.15
Q,Bok-,-5740,1st,15ug/mL Puromycin,3,2.83,0.22,0.18,0.03,2.645,0.222,0.064,0.010,12.99,12.27
O,None,Parental,1st,15ug/mL Puromycin,3,2.53,0.08,0.19,0.05,2.340,0.106,0.076,0.021,12.93,12.16
R,Bok-,-6065,2nd,15ug/mL Puromycin,3,3.02,0.14,0.21,0.03,2.800,0.125,0.073,0.010,12.75,12.58
Q,Bok-,-5740,2nd,15ug/mL Puromycin,3,2.69,0.22,0.22,0.10,2.477,0.185,0.080,0.034,12.29,11.51
S,Bok-,-6311,2nd,15ug/mL Puromycin,3,2.64,0.20,0.23,0.05,2.413,0.143,0.087,0.013,13.56,12.23
N,Empty,-6251,2nd,15ug/mL Puromycin,3,3.69,0.31,0.24,0.03,3.447,0.289,0.065,0.006,12.13,11.03
Y,Bax-,-6166,1st,15ug/mL Puromycin,3,3.37,0.28,0.24,0.12,3.125,0.336,0.072,0.036,12.82,11.68
O,None,Parental,2nd,15ug/mL Puromycin,3,2.83,0.26,0.25,0.05,2.573,0.241,0.090,0.016,12.57,12.12
K,"Bax-,Bok-",-6212,2nd,15ug/mL Puromycin,3,3.43,0.15,0.28,0.08,3.147,0.078,0.082,0.019,12.15,10.92
M,Empty,-6161,1st,15ug/mL Puromycin,3,3.23,0.27,0.31,0.05,2.923,0.244,0.095,0.015,12.83,12.11
Y,Bax-,-6166,2nd,15ug/mL Puromycin,3,3.23,0.16,0.32,0.01,2.907,0.176,0.099,0.009,12.31,11.47
L,Empty,-5703,1st,15ug/mL Puromycin,3,3.36,0.26,0.33,0.06,3.038,0.247,0.097,0.018,12.29,11.31
M,Empty,-6161,2nd,15ug/mL Puromycin,3,3.31,0.15,0.39,0.14,2.923,0.059,0.116,0.037,13.21,12.05
K,"Bax-,Bok-",-6212,1st,15ug/mL Puromycin,3,3.37,0.11,0.40,0.10,2.967,0.129,0.119,0.028,12.45,11.52
N,Empty,-6251,2nd,7.5um Brefeldin A,3,3.37,0.37,0.50,0.14,2.866,1.053,0.150,0.039,12.63,11.94
N,Empty,-6251,1st,7.5um Brefeldin A,3,3.58,0.37,0.59,0.15,2.993,1.028,0.164,0.039,12.32,11.74
Z,Bok-,-6250,2nd,20mM Sodium Butyrate,3,1.23,0.14,0.61,0.07,0.623,0.072,0.496,0.007,15.28,12.23
S,Bok-,-6311,1st,20mM Sodium Butyrate,3,1.15,0.06,0.62,0.01,0.532,0.050,0.539,0.022,15.23,11.65
Z,Bok-,-6250,1st,20mM Sodium Butyrate,3,1.04,0.08,0.62,0.03,0.424,0.057,0.595,0.022,14.36,11.52
S,Bok-,-6311,2nd,20mM Sodium Butyrate,3,1.20,0.12,0.62,0.13,0.572,0.059,0.520,0.062,14.48,11.50
X,Bax-,-6154,2nd,20mM Sodium Butyrate,3,0.94,0.12,0.66,0.10,0.288,0.035,0.696,0.026,14.70,11.47
X,Bax-,-6154,1st,15ug/mL Puromycin,3,3.18,0.27,0.67,0.12,2.508,0.296,0.210,0.043,13.39,11.59
W,Bax-,-6109,1st,15ug/mL Puromycin,3,3.19,0.32,0.68,0.09,2.518,0.267,0.211,0.026,12.87,12.16
H,"Bak-,Bok-",-6080,2nd,20mM Sodium Butyrate,3,1.09,0.06,0.72,0.07,0.366,0.019,0.664,0.029,13.82,11.71
T,Bak-,-5994,1st,20mM Sodium Butyrate,3,1.08,0.13,0.73,0.11,0.356,0.044,0.670,0.041,14.04,12.11
W,Bax-,-6109,2nd,15ug/mL Puromycin,3,3.42,0.30,0.73,0.06,2.687,0.270,0.214,0.015,12.84,11.66
T,Bak-,-5994,2nd,15ug/mL Puromycin,3,2.56,0.21,0.76,0.10,1.798,0.188,0.297,0.035,12.34,11.88
X,Bax-,-6154,2nd,15ug/mL Puromycin,3,3.58,0.30,0.77,0.13,2.813,0.210,0.215,0.023,12.87,11.00
R,Bok-,-6065,1st,20mM Sodium Butyrate,3,1.70,0.05,0.78,0.06,0.919,0.071,0.459,0.035,14.43,11.99
Q,Bok-,-5740,2nd,20mM Sodium Butyrate,3,1.75,0.15,0.78,0.06,0.964,0.187,0.448,0.068,14.17,11.34
R,Bok-,-6065,2nd,20mM Sodium Butyrate,3,2.27,0.13,0.80,0.19,1.465,0.194,0.353,0.080,13.10,10.20
X,Bax-,-6154,1st,20mM Sodium Butyrate,3,1.12,0.17,0.82,0.14,0.306,0.046,0.726,0.034,13.77,11.65
Z,Bok-,-6250,1st,15ug/mL Puromycin,3,3.32,0.20,0.87,0.13,2.453,0.313,0.262,0.053,12.31,10.28
D,"Bak-,Bax-,Bok-",-6101,2nd,20mM Sodium Butyrate,3,0.91,0.17,0.87,0.17,0.036,0.024,0.953,0.015,15.50,16.54
N,Empty,-6251,1st,7.5uM Tunicamycin,3,3.71,0.35,0.90,0.18,2.814,0.800,0.241,0.046,13.37,12.31
L,Empty,-5703,2nd,20mM Sodium Butyrate,3,1.50,0.03,0.90,0.03,0.626,0.038,0.601,0.010,16.07,12.26
Z,Bok-,-6250,2nd,15ug/mL Puromycin,3,3.30,0.23,0.92,0.04,2.383,0.218,0.279,0.018,12.50,11.19
T,Bak-,-5994,2nd,20mM Sodium Butyrate,3,1.53,0.28,0.92,0.24,0.604,0.081,0.605,0.063,12.61,10.87
Y,Bax-,-6166,1st,20mM Sodium Butyrate,3,1.64,0.26,0.93,0.19,0.711,0.078,0.566,0.036,14.54,11.42
N,Empty,-6251,2nd,7.5uM Tunicamycin,3,3.74,0.37,0.93,0.21,2.807,0.891,0.249,0.054,13.25,12.37
V,Bak-,-6303,2nd,20mM Sodium Butyrate,3,1.31,0.10,0.95,0.06,0.354,0.042,0.726,0.018,14.31,11.71
V,Bak-,-6303,2nd,15ug/mL Puromycin,3,2.67,0.34,0.96,0.18,1.713,0.171,0.359,0.025,13.85,12.61
K,"Bax-,Bok-",-6212,1st,20mM Sodium Butyrate,3,1.41,0.24,0.99,0.17,0.418,0.067,0.702,0.005,15.25,11.66
Q,Bok-,-5740,1st,20mM Sodium Butyrate,3,1.90,0.24,0.99,0.17,0.905,0.078,0.523,0.025,14.39,11.83
V,Bak-,-6303,1st,20mM Sodium Butyrate,3,1.36,0.16,1.01,0.16,0.352,0.029,0.741,0.038,14.27,11.72
O,None,Parental,2nd,20mM Sodium Butyrate,3,2.00,0.02,1.02,0.10,0.982,0.117,0.509,0.054,13.71,10.69
L,Empty,-5703,1st,20mM Sodium Butyrate,3,1.69,0.13,1.02,0.08,0.661,0.070,0.606,0.022,14.56,12.02
J,"Bax-,Bok-",-6105,2nd,20mM Sodium Butyrate,3,1.84,0.12,1.02,0.06,0.821,0.077,0.554,0.017,14.30,11.31
I,"Bax-,Bok-",-6083,2nd,20mM Sodium Butyrate,3,1.54,0.03,1.03,0.03,0.514,0.042,0.666,0.024,14.44,11.29
U,Bak-,-6263,2nd,20mM Sodium Butyrate,3,1.49,0.12,1.03,0.13,0.465,0.025,0.689,0.039,13.94,11.82
T,Bak-,-5994,1st,15ug/mL Puromycin,3,2.90,0.10,1.03,0.07,1.870,0.115,0.356,0.027,13.27,12.34
Y,Bax-,-6166,2nd,20mM Sodium Butyrate,3,1.76,0.14,1.04,0.01,0.723,0.144,0.590,0.049,13.75,10.81
I,"Bax-,Bok-",-6083,2nd,15ug/mL Puromycin,3,3.52,0.07,1.05,0.13,2.477,0.163,0.297,0.039,11.73,11.21
F,"Bak-,Bok-",-6075,1st,20mM Sodium Butyrate,3,1.31,0.09,1.05,0.06,0.172,0.125,0.803,0.006,15.10,11.56
H,"Bak-,Bok-",-6080,1st,20mM Sodium Butyrate,3,1.48,0.01,1.07,0.01,0.412,0.006,0.723,0.002,15.19,12.75
N,Empty,-6251,1st,20mM Sodium Butyrate,3,1.91,0.06,1.08,0.03,0.829,0.033,0.565,0.001,14.83,12.03
O,None,Parental,1st,7.5um Brefeldin A,3,3.68,0.42,1.08,0.22,2.598,0.743,0.294,0.051,13.75,11.96
W,Bax-,-6109,2nd,20mM Sodium Butyrate,3,1.54,0.08,1.09,0.02,0.438,0.095,0.711,0.051,14.73,11.42
P,"Bak-,Bax-",-6134,2nd,20mM Sodium Butyrate,3,1.12,0.05,1.10,0.04,0.014,0.019,0.988,0.013,15.31,16.15
O,None,Parental,1st,20mM Sodium Butyrate,3,2.08,0.11,1.13,0.07,0.946,0.043,0.543,0.012,14.43,11.44
M,Empty,-6161,1st,7.5uM Tunicamycin,3,3.81,0.42,1.13,0.23,2.683,0.731,0.296,0.048,13.94,12.61
B,"Bak-,Bax-",-6145,2nd,20mM Sodium Butyrate,3,1.19,0.08,1.16,0.06,0.031,0.021,0.975,0.015,15.18,13.25
O,None,Parental,2nd,7.5um Brefeldin A,3,3.84,0.38,1.17,0.24,2.668,0.718,0.305,0.052,13.91,12.05
W,Bax-,-6109,1st,20mM Sodium Butyrate,3,1.57,0.07,1.18,0.04,0.398,0.065,0.747,0.035,14.32,11.22
J,"Bax-,Bok-",-6105,1st,20mM Sodium Butyrate,3,2.15,0.09,1.19,0.06,0.952,0.032,0.556,0.004,15.72,12.45
F,"Bak-,Bok-",-6075,2nd,20mM Sodium Butyrate,3,1.49,0.07,1.20,0.09,0.293,0.024,0.805,0.021,15.92,12.19
D,"Bak-,Bax-,Bok-",-6101,1st,20mM Sodium Butyrate,3,1.26,0.13,1.22,0.12,0.037,0.023,0.972,0.018,16.98,13.76
M,Empty,-6161,2nd,7.5uM Tunicamycin,3,3.78,0.36,1.22,0.21,2.555,0.654,0.324,0.052,13.95,12.45
I,"Bax-,Bok-",-6083,1st,20mM Sodium Butyrate,3,1.69,0.10,1.22,0.10,0.471,0.044,0.722,0.025,14.86,11.67
I,"Bax-,Bok-",-6083,1st,15ug/mL Puromycin,3,3.62,0.33,1.23,0.20,2.393,0.404,0.340,0.063,11.97,11.34
B,"Bak-,Bax-",-6145,1st,20mM Sodium Butyrate,3,1.35,0.10,1.26,0.10,0.089,0.020,0.933,0.018,15.65,15.79
U,Bak-,-6263,2nd,15ug/mL Puromycin,3,2.59,0.09,1.27,0.11,1.320,0.133,0.491,0.045,13.37,12.15
V,Bak-,-6303,1st,15ug/mL Puromycin,3,3.15,0.03,1.29,0.05,1.860,0.036,0.409,0.013,13.98,13.26
R,Bok-,-6065,2nd,7.5um Brefeldin A,3,3.18,0.38,1.30,0.23,1.884,0.450,0.408,0.049,14.11,12.26
Q,Bok-,-5740,1st,7.5um Brefeldin A,3,3.86,0.34,1.32,0.21,2.545,0.579,0.341,0.047,13.83,11.85
G,"Bak-,Bok-",-6076,2nd,20mM Sodium Butyrate,3,1.68,0.16,1.32,0.16,0.358,0.032,0.787,0.029,14.66,11.31
G,"Bak-,Bok-",-6076,2nd,15ug/mL Puromycin,3,3.33,0.20,1.35,0.21,1.975,0.171,0.406,0.052,12.60,11.88
P,"Bak-,Bax-",-6134,1st,20mM Sodium Butyrate,3,1.38,0.10,1.37,0.10,0.014,0.003,0.990,0.004,14.90,12.43
R,Bok-,-6065,1st,7.5um Brefeldin A,3,3.73,0.41,1.37,0.22,2.363,0.567,0.366,0.048,14.13,12.11
S,Bok-,-6311,2nd,7.5um Brefeldin A,3,3.25,0.35,1.38,0.23,1.866,0.444,0.426,0.055,13.42,11.71
Q,Bok-,-5740,2nd,7.5um Brefeldin A,3,3.56,0.37,1.39,0.25,2.173,0.525,0.390,0.054,13.90,11.98
U,Bak-,-6263,1st,15ug/mL Puromycin,3,3.33,0.04,1.39,0.13,1.937,0.146,0.418,0.040,12.61,11.65
R,Bok-,-6065,1st,7.5uM Tunicamycin,3,3.91,0.36,1.41,0.20,2.500,0.528,0.361,0.043,13.80,12.20
M,Empty,-6161,2nd,20mM Sodium Butyrate,3,1.86,0.20,1.43,0.17,0.433,0.043,0.768,0.013,14.76,11.03
G,"Bak-,Bok-",-6076,1st,15ug/mL Puromycin,3,3.15,0.44,1.43,0.25,1.715,0.194,0.455,0.019,12.74,12.49
N,Empty,-6251,2nd,20mM Sodium Butyrate,3,2.54,0.12,1.46,0.09,1.089,0.168,0.573,0.051,14.26,11.37
M,Empty,-6161,2nd,7.5um Brefeldin A,3,3.81,0.35,1.47,0.25,2.341,0.520,0.386,0.050,13.97,11.94
K,"Bax-,Bok-",-6212,2nd,20mM Sodium Butyrate,3,1.93,0.17,1.48,0.17,0.447,0.036,0.768,0.026,14.81,11.49
S,Bok-,-6311,1st,7.5um Brefeldin A,3,3.73,0.40,1.56,0.23,2.173,0.471,0.417,0.046,13.79,11.90
L,Empty,-5703,1st,7.5uM Tunicamycin,3,3.88,0.34,1.59,0.23,2.293,0.460,0.409,0.046,13.74,12.03
G,"Bak-,Bok-",-6076,1st,20mM Sodium Butyrate,3,1.92,0.17,1.61,0.14,0.315,0.049,0.836,0.018,14.84,11.93
L,Empty,-5703,2nd,7.5um Brefeldin A,3,3.66,0.34,1.63,0.24,2.033,0.418,0.445,0.050,14.24,12.01
U,Bak-,-6263,1st,20mM Sodium Butyrate,3,2.21,0.31,1.65,0.23,0.570,0.086,0.745,0.012,13.68,11.60
F,"Bak-,Bok-",-6075,2nd,15ug/mL Puromycin,3,3.16,0.10,1.66,0.07,1.490,0.123,0.526,0.027,12.37,11.99
M,Empty,-6161,1st,7.5um Brefeldin A,3,3.52,0.37,1.66,0.27,1.860,0.412,0.472,0.054,13.89,12.26
L,Empty,-5703,2nd,7.5uM Tunicamycin,3,4.20,0.32,1.68,0.27,2.517,0.529,0.401,0.053,13.58,11.91
H,"Bak-,Bok-",-6080,2nd,15ug/mL Puromycin,3,3.17,0.15,1.69,0.19,1.470,0.122,0.534,0.043,12.64,12.18
F,"Bak-,Bok-",-6075,1st,15ug/mL Puromycin,3,2.82,0.04,1.70,0.11,1.123,0.121,0.601,0.040,12.86,12.10
C,"Bak-,Bax-,Bok-",-6077,2nd,20mM Sodium Butyrate,3,1.71,0.07,1.70,0.06,0.041,0.066,0.996,0.003,14.49,9.38
R,Bok-,-6065,2nd,7.5uM Tunicamycin,3,3.82,0.39,1.72,0.26,2.103,0.446,0.449,0.049,13.86,12.02
C,"Bak-,Bax-,Bok-",-6077,1st,20mM Sodium Butyrate,3,1.94,0.03,1.79,0.09,0.149,0.059,0.923,0.033,14.62,13.96
M,Empty,-6161,1st,20mM Sodium Butyrate,3,2.22,0.25,1.81,0.22,0.412,0.033,0.814,0.010,15.14,11.71
L,Empty,-5703,1st,7.5um Brefeldin A,3,3.77,0.33,1.83,0.24,1.942,0.363,0.485,0.049,14.11,12.15
J,"Bax-,Bok-",-6105,2nd,15ug/mL Puromycin,3,4.01,0.45,1.91,0.15,2.103,0.385,0.476,0.046,12.52,11.11
P,"Bak-,Bax-",-6134,1st,15ug/mL Puromycin,3,2.65,0.18,1.92,0.13,0.733,0.056,0.722,0.008,13.03,12.83
S,Bok-,-6311,1st,7.5uM Tunicamycin,3,3.87,0.44,2.02,0.34,1.855,0.432,0.521,0.062,13.81,11.04
O,None,Parental,1st,7.5uM Tunicamycin,3,4.13,0.36,2.06,0.26,2.073,0.384,0.498,0.048,13.77,11.58
P,"Bak-,Bax-",-6134,2nd,15ug/mL Puromycin,3,3.01,0.20,2.06,0.12,0.945,0.143,0.685,0.032,13.04,11.87
H,"Bak-,Bok-",-6080,1st,15ug/mL Puromycin,3,3.38,0.06,2.15,0.08,1.237,0.021,0.635,0.013,12.93,12.77
E,"Bak-,Bax-,Bok-",-6128,2nd,20mM Sodium Butyrate,3,2.23,0.13,2.20,0.14,0.025,0.009,0.990,0.003,15.17,12.69
Q,Bok-,-5740,1st,7.5uM Tunicamycin,3,3.96,0.37,2.25,0.28,1.708,0.311,0.569,0.050,14.22,11.78
S,Bok-,-6311,2nd,7.5uM Tunicamycin,3,3.88,0.34,2.26,0.30,1.623,0.309,0.582,0.059,13.97,11.05
O,None,Parental,2nd,7.5uM Tunicamycin,3,4.11,0.39,2.33,0.32,1.778,0.339,0.567,0.054,14.07,11.61
J,"Bax-,Bok-",-6105,1st,15ug/mL Puromycin,3,4.30,0.02,2.33,0.18,1.963,0.177,0.543,0.041,12.80,11.71
E,"Bak-,Bax-,Bok-",-6128,1st,20mM Sodium Butyrate,3,2.40,0.16,2.37,0.15,0.098,0.119,0.990,0.002,15.02,10.32
D,"Bak-,Bax-,Bok-",-6101,1st,15ug/mL Puromycin,3,2.79,0.16,2.41,0.12,0.037,0.004,0.866,0.009,14.40,12.81
Q,Bok-,-5740,2nd,7.5uM Tunicamycin,3,4.01,0.39,2.50,0.29,1.513,0.272,0.623,0.052,14.19,11.57
D,"Bak-,Bax-,Bok-",-6101,2nd,15ug/mL Puromycin,3,3.27,0.09,2.55,0.15,0.721,0.059,0.780,0.024,13.40,12.46
A,"Bak-,Bax-",-6068,2nd,20mM Sodium Butyrate,3,2.77,0.10,2.76,0.10,0.012,0.000,0.996,0.000,15.87,10.50
B,"Bak-,Bax-",-6145,2nd,15ug/mL Puromycin,3,3.27,0.13,2.83,0.09,0.434,0.047,0.866,0.010,13.27,12.12
E,"Bak-,Bax-,Bok-",-6128,1st,15ug/mL Puromycin,3,3.17,0.19,2.91,0.23,0.244,0.090,0.918,0.021,15.18,13.77
A,"Bak-,Bax-",-6068,2nd,15ug/mL Puromycin,3,3.16,0.07,2.95,0.06,0.217,0.021,0.933,0.007,15.15,13.04
E,"Bak-,Bax-,Bok-",-6128,2nd,15ug/mL Puromycin,3,3.38,0.16,3.07,0.09,0.305,0.071,0.908,0.017,15.27,13.17
B,"Bak-,Bax-",-6145,1st,15ug/mL Puromycin,3,3.48,0.18,3.15,0.20,0.330,0.040,0.905,0.013,14.10,12.35
A,"Bak-,Bax-",-6068,1st,20mM Sodium Butyrate,3,3.27,0.19,3.20,0.17,0.299,0.401,0.979,0.004,15.77,13.21
C,"Bak-,Bax-,Bok-",-6077,2nd,15ug/mL Puromycin,3,3.34,0.24,3.26,0.22,0.662,0.540,0.976,0.007,15.24,12.13
P,"Bak-,Bax-",-6134,2nd,7.5um Brefeldin A,3,3.44,0.36,3.35,0.35,0.088,0.011,0.975,0.019,15.23,13.67
C,"Bak-,Bax-,Bok-",-6077,1st,15ug/mL Puromycin,3,3.46,0.12,3.38,0.10,0.078,0.019,0.977,0.004,15.60,12.72
B,"Bak-,Bax-",-6145,1st,7.5um Brefeldin A,3,3.46,0.32,3.39,0.32,0.065,0.007,0.981,0.013,15.63,14.16
B,"Bak-,Bax-",-6145,2nd,7.5um Brefeldin A,3,3.45,0.36,3.39,0.35,0.062,0.007,0.982,0.013,15.48,12.73
D,"Bak-,Bax-,Bok-",-6101,2nd,7.5um Brefeldin A,3,3.48,0.33,3.41,0.34,0.071,0.008,0.980,0.015,15.67,13.56
C,"Bak-,Bax-,Bok-",-6077,1st,7.5um Brefeldin A,3,3.54,0.33,3.50,0.32,0.038,0.004,0.989,0.010,14.95,13.11
A,"Bak-,Bax-",-6068,1st,15ug/mL Puromycin,3,3.75,0.23,3.52,0.24,0.229,0.030,0.939,0.009,15.62,13.62
B,"Bak-,Bax-",-6145,1st,7.5uM Tunicamycin,3,3.58,0.35,3.52,0.33,0.065,0.007,0.982,0.014,16.14,11.57
D,"Bak-,Bax-,Bok-",-6101,1st,7.5um Brefeldin A,3,3.65,0.32,3.57,0.30,0.079,0.008,0.978,0.016,15.55,13.00
D,"Bak-,Bax-,Bok-",-6101,1st,7.5uM Tunicamycin,3,3.67,0.33,3.59,0.32,0.073,0.008,0.980,0.016,16.23,15.69
B,"Bak-,Bax-",-6145,2nd,7.5uM Tunicamycin,3,3.69,0.41,3.62,0.41,0.065,0.008,0.983,0.014,15.77,14.81
P,"Bak-,Bax-",-6134,2nd,7.5uM Tunicamycin,3,3.70,0.36,3.62,0.35,0.078,0.009,0.979,0.017,15.46,14.01
P,"Bak-,Bax-",-6134,1st,7.5uM Tunicamycin,3,3.74,0.35,3.66,0.34,0.080,0.009,0.979,0.015,15.94,13.53
A,"Bak-,Bax-",-6068,1st,7.5um Brefeldin A,3,3.78,0.38,3.70,0.37,0.072,0.008,0.981,0.014,14.76,14.34
D,"Bak-,Bax-,Bok-",-6101,2nd,7.5uM Tunicamycin,3,3.78,0.37,3.70,0.37,0.080,0.009,0.979,0.015,15.79,13.40
E,"Bak-,Bax-,Bok-",-6128,1st,7.5um Brefeldin A,3,3.82,0.46,3.74,0.45,0.080,0.011,0.979,0.016,14.64,12.76
C,"Bak-,Bax-,Bok-",-6077,2nd,7.5uM Tunicamycin,3,3.81,0.34,3.74,0.35,0.075,0.008,0.980,0.015,15.39,11.31
P,"Bak-,Bax-",-6134,1st,7.5um Brefeldin A,3,3.81,0.40,3.76,0.40,0.055,0.007,0.986,0.012,15.24,11.72
A,"Bak-,Bax-",-6068,2nd,7.5uM Tunicamycin,3,3.94,0.33,3.82,0.32,0.119,0.012,0.970,0.017,15.65,11.85
E,"Bak-,Bax-,Bok-",-6128,1st,7.5uM Tunicamycin,3,3.88,0.37,3.82,0.37,0.053,0.006,0.986,0.017,15.95,14.35
A,"Bak-,Bax-",-6068,1st,7.5uM Tunicamycin,3,4.02,0.41,3.92,0.40,0.096,0.011,0.976,0.017,15.81,12.74
E,"Bak-,Bax-,Bok-",-6128,2nd,7.5uM Tunicamycin,3,4.01,0.39,3.93,0.38,0.077,0.008,0.981,0.013,15.58,12.48
A,"Bak-,Bax-",-6068,2nd,7.5um Brefeldin A,3,4.03,0.34,3.95,0.33,0.080,0.008,0.980,0.012,14.74,12.19
E,"Bak-,Bax-,Bok-",-6128,2nd,7.5um Brefeldin A,3,4.11,0.41,4.01,0.41,0.098,0.012,0.976,0.018,14.55,13.19
C,"Bak-,Bax-,Bok-",-6077,2nd,7.5um Brefeldin A,3,4.13,0.37,4.05,0.36,0.076,0.008,0.982,0.021,14.88,12.88
C,"Bak-,Bax-,Bok-",-6077,1st,7.5uM Tunicamycin,3,4.15,0.44,4.09,0.43,0.060,0.007,0.986,0.012,15.72,11.54
L,Empty,-5703,2nd,15ug/mL Puromycin,4,3.42,0.26,0.05,0.03,3.365,0.259,0.016,0.009,10.81,10.55
N,Empty,-6251,2nd,15ug/mL Puromycin,4,3.42,0.24,0.09,0.02,3.333,0.237,0.025,0.006,12.69,11.70
I,"Bax-,Bok-",-6083,2nd,15ug/mL Puromycin,4,3.20,0.21,0.23,0.04,2.970,0.183,0.071,0.010,13.27,11.76
T,Bak-,-5994,2nd,15ug/mL Puromycin,4,2.77,0.12,0.29,0.08,2.460,0.061,0.104,0.026,11.68,11.57
G,"Bak-,Bok-",-6076,1st,15ug/mL Puromycin,4,3.05,0.16,0.29,0.13,2.768,0.039,0.093,0.038,12.46,11.26
Q,Bok-,-5740,2nd,20mM Sodium Butyrate,4,1.26,0.07,0.29,0.05,0.972,0.022,0.231,0.033,13.07,10.52
Y,Bax-,-6166,1st,20mM Sodium Butyrate,4,1.03,0.08,0.30,0.04,0.727,0.040,0.294,0.014,13.87,10.82
G,"Bak-,Bok-",-6076,2nd,15ug/mL Puromycin,4,2.92,0.18,0.31,0.02,2.607,0.204,0.107,0.016,12.62,11.79
T,Bak-,-5994,1st,15ug/mL Puromycin,4,2.94,0.23,0.32,0.04,2.618,0.230,0.110,0.015,12.76,11.73
X,Bax-,-6154,2nd,15ug/mL Puromycin,4,3.35,0.11,0.33,0.04,3.020,0.087,0.099,0.011,11.44,10.26
N,Empty,-6251,1st,7.5uM Tunicamycin,4,3.45,0.39,0.35,0.12,3.104,1.423,0.100,0.035,10.91,11.89
O,None,Parental,2nd,20mM Sodium Butyrate,4,1.43,0.06,0.37,0.04,1.059,0.097,0.260,0.038,14.37,11.29
V,Bak-,-6303,1st,15ug/mL Puromycin,4,2.81,0.16,0.37,0.02,2.440,0.183,0.133,0.016,13.65,12.55
Z,Bok-,-6250,2nd,15ug/mL Puromycin,4,3.63,0.31,0.38,0.04,3.198,0.351,0.104,0.015,11.67,11.27
N,Empty,-6251,1st,7.5um Brefeldin A,4,3.51,0.34,0.38,0.13,3.130,1.270,0.108,0.033,11.85,11.69
R,Bok-,-6065,1st,7.5uM Tunicamycin,4,3.97,0.40,0.38,0.14,3.593,1.575,0.095,0.032,12.38,11.91
Z,Bok-,-6250,1st,15ug/mL Puromycin,4,3.56,0.14,0.38,0.09,3.180,0.108,0.108,0.020,12.65,10.86
I,"Bax-,Bok-",-6083,1st,15ug/mL Puromycin,4,3.90,0.19,0.39,0.03,3.513,0.182,0.099,0.009,12.31,11.93
N,Empty,-6251,1st,20mM Sodium Butyrate,4,1.40,0.06,0.40,0.02,1.009,0.062,0.281,0.017,13.72,11.14
J,"Bax-,Bok-",-6105,2nd,20mM Sodium Butyrate,4,1.25,0.14,0.40,0.04,0.851,0.116,0.320,0.025,14.36,10.89
M,Empty,-6161,1st,7.5uM Tunicamycin,4,3.90,0.37,0.41,0.15,3.485,1.481,0.106,0.035,12.48,12.19
Y,Bax-,-6166,2nd,20mM Sodium Butyrate,4,1.48,0.06,0.41,0.01,1.063,0.061,0.279,0.013,10.15,8.72
X,Bax-,-6154,1st,20mM Sodium Butyrate,4,0.98,0.12,0.41,0.06,0.561,0.061,0.424,0.014,14.44,11.90
N,Empty,-6251,2nd,7.5uM Tunicamycin,4,3.71,0.35,0.42,0.14,3.292,1.326,0.113,0.035,10.93,11.98
U,Bak-,-6263,1st,15ug/mL Puromycin,4,2.75,0.07,0.42,0.08,2.323,0.025,0.156,0.027,12.91,11.37
J,"Bax-,Bok-",-6105,2nd,15ug/mL Puromycin,4,3.83,0.19,0.44,0.14,3.397,0.049,0.114,0.032,11.74,10.02
M,Empty,-6161,2nd,7.5uM Tunicamycin,4,3.80,0.38,0.44,0.14,3.362,1.299,0.115,0.033,12.98,12.09
J,"Bax-,Bok-",-6105,1st,20mM Sodium Butyrate,4,1.39,0.07,0.45,0.06,0.943,0.061,0.323,0.039,14.28,11.34
V,Bak-,-6303,1st,20mM Sodium Butyrate,4,1.07,0.11,0.46,0.08,0.607,0.052,0.433,0.035,14.05,11.94
R,Bok-,-6065,2nd,20mM Sodium Butyrate,4,1.78,0.06,0.47,0.04,1.310,0.079,0.264,0.026,12.59,10.80
R,Bok-,-6065,1st,20mM Sodium Butyrate,4,1.74,0.08,0.47,0.09,1.270,0.010,0.269,0.037,13.11,11.12
I,"Bax-,Bok-",-6083,1st,20mM Sodium Butyrate,4,0.85,0.15,0.47,0.08,0.382,0.071,0.551,0.032,14.05,11.13
H,"Bak-,Bok-",-6080,2nd,15ug/mL Puromycin,4,2.85,0.20,0.47,0.11,2.375,0.257,0.165,0.045,11.50,10.36
B,"Bak-,Bax-",-6145,1st,20mM Sodium Butyrate,4,0.56,0.15,0.47,0.15,0.091,0.022,0.838,0.043,15.67,16.21
L,Empty,-5703,2nd,20mM Sodium Butyrate,4,1.24,0.15,0.48,0.10,0.754,0.086,0.390,0.046,15.33,11.21
F,"Bak-,Bok-",-6075,2nd,20mM Sodium Butyrate,4,0.87,0.04,0.48,0.01,0.389,0.039,0.553,0.023,14.99,11.38
I,"Bax-,Bok-",-6083,2nd,20mM Sodium Butyrate,4,0.95,0.05,0.48,0.01,0.471,0.050,0.506,0.022,13.91,10.80
T,Bak-,-5994,2nd,20mM Sodium Butyrate,4,1.43,0.16,0.49,0.07,0.930,0.112,0.346,0.029,11.20,10.28
K,"Bax-,Bok-",-6212,1st,20mM Sodium Butyrate,4,0.96,0.02,0.50,0.04,0.462,0.028,0.519,0.031,14.19,10.93
R,Bok-,-6065,2nd,7.5uM Tunicamycin,4,3.95,0.34,0.50,0.16,3.454,1.321,0.126,0.037,13.12,11.76
H,"Bak-,Bok-",-6080,1st,20mM Sodium Butyrate,4,1.19,0.08,0.51,0.06,0.672,0.033,0.433,0.023,14.82,12.99
B,"Bak-,Bax-",-6145,2nd,20mM Sodium Butyrate,4,0.56,0.02,0.52,0.03,0.045,0.028,0.920,0.047,14.91,13.70
Q,Bok-,-5740,1st,20mM Sodium Butyrate,4,1.68,0.10,0.52,0.07,1.160,0.072,0.310,0.034,14.94,12.25
L,Empty,-5703,1st,20mM Sodium Butyrate,4,1.20,0.03,0.53,0.01,0.672,0.030,0.442,0.013,15.93,12.28
V,Bak-,-6303,2nd,20mM Sodium Butyrate,4,1.47,0.08,0.54,0.06,0.931,0.080,0.369,0.040,10.77,8.29
P,"Bak-,Bax-",-6134,1st,20mM Sodium Butyrate,4,0.60,0.11,0.55,0.10,0.047,0.024,0.921,0.034,15.39,16.00
U,Bak-,-6263,1st,20mM Sodium Butyrate,4,1.35,0.05,0.55,0.05,0.800,0.068,0.409,0.037,14.44,12.29
F,"Bak-,Bok-",-6075,1st,20mM Sodium Butyrate,4,0.89,0.07,0.56,0.02,0.320,0.048,0.638,0.026,15.16,11.69
W,Bax-,-6109,1st,20mM Sodium Butyrate,4,1.12,0.16,0.58,0.07,0.534,0.087,0.520,0.013,14.19,11.37
W,Bax-,-6109,2nd,20mM Sodium Butyrate,4,1.23,0.09,0.59,0.05,0.639,0.072,0.478,0.031,12.72,9.88
F,"Bak-,Bok-",-6075,1st,15ug/mL Puromycin,4,3.04,0.05,0.60,0.05,2.437,0.015,0.198,0.015,12.45,11.09
V,Bak-,-6303,2nd,15ug/mL Puromycin,4,3.03,0.05,0.60,0.04,2.427,0.070,0.199,0.015,12.65,12.37
H,"Bak-,Bok-",-6080,1st,15ug/mL Puromycin,4,3.28,0.13,0.61,0.14,2.665,0.037,0.187,0.036,11.66,10.91
S,Bok-,-6311,2nd,7.5um Brefeldin A,4,3.26,0.35,0.62,0.14,2.644,0.821,0.189,0.039,13.94,11.68
D,"Bak-,Bax-,Bok-",-6101,1st,20mM Sodium Butyrate,4,0.66,0.06,0.62,0.06,0.238,0.235,0.940,0.009,16.01,15.16
U,Bak-,-6263,2nd,20mM Sodium Butyrate,4,1.53,0.23,0.62,0.09,0.903,0.173,0.409,0.048,10.78,9.52
O,None,Parental,1st,7.5um Brefeldin A,4,3.60,0.37,0.65,0.15,2.953,0.954,0.180,0.040,13.53,11.74
F,"Bak-,Bok-",-6075,2nd,15ug/mL Puromycin,4,3.13,0.09,0.65,0.06,2.470,0.044,0.210,0.016,12.36,11.07
R,Bok-,-6065,1st,7.5um Brefeldin A,4,3.80,0.38,0.67,0.17,3.131,1.070,0.176,0.042,14.22,11.93
D,"Bak-,Bax-,Bok-",-6101,2nd,20mM Sodium Butyrate,4,0.78,0.03,0.67,0.03,0.107,0.012,0.863,0.013,14.75,13.69
K,"Bax-,Bok-",-6212,2nd,20mM Sodium Butyrate,4,1.17,0.06,0.68,0.04,0.487,0.032,0.581,0.015,15.36,11.99
S,Bok-,-6311,1st,7.5um Brefeldin A,4,3.79,0.38,0.68,0.16,3.108,0.969,0.180,0.038,13.74,11.85
G,"Bak-,Bok-",-6076,2nd,20mM Sodium Butyrate,4,1.19,0.12,0.69,0.06,0.496,0.055,0.580,0.008,15.41,11.45
U,Bak-,-6263,2nd,15ug/mL Puromycin,4,2.57,0.07,0.70,0.12,1.867,0.049,0.273,0.038,12.45,11.94
R,Bok-,-6065,2nd,7.5um Brefeldin A,4,3.19,0.34,0.71,0.18,2.475,0.815,0.224,0.050,14.63,12.38
L,Empty,-5703,1st,7.5uM Tunicamycin,4,3.96,0.33,0.71,0.16,3.246,0.970,0.180,0.039,13.20,11.74
C,"Bak-,Bax-,Bok-",-6077,1st,20mM Sodium Butyrate,4,0.78,0.03,0.72,0.01,0.068,0.029,0.913,0.034,15.61,12.20
O,None,Parental,2nd,7.5um Brefeldin A,4,3.89,0.32,0.72,0.17,3.170,0.914,0.185,0.038,13.64,12.06
J,"Bax-,Bok-",-6105,1st,15ug/mL Puromycin,4,4.33,0.06,0.73,0.14,3.593,0.085,0.169,0.029,12.45,10.81
O,None,Parental,1st,20mM Sodium Butyrate,4,1.97,0.14,0.74,0.08,1.228,0.178,0.376,0.056,14.40,11.28
P,"Bak-,Bax-",-6134,2nd,20mM Sodium Butyrate,4,0.88,0.04,0.76,0.06,0.115,0.029,0.864,0.029,15.48,13.46
L,Empty,-5703,2nd,7.5uM Tunicamycin,4,4.23,0.37,0.76,0.19,3.474,1.162,0.179,0.044,13.18,11.53
P,"Bak-,Bax-",-6134,1st,15ug/mL Puromycin,4,2.83,0.04,0.78,0.07,2.050,0.050,0.276,0.023,12.64,11.94
Q,Bok-,-5740,1st,7.5um Brefeldin A,4,3.89,0.36,0.81,0.16,3.082,0.843,0.208,0.038,13.79,11.73
N,Empty,-6251,2nd,20mM Sodium Butyrate,4,2.41,0.05,0.82,0.04,1.593,0.031,0.340,0.010,14.52,11.38
M,Empty,-6161,2nd,7.5um Brefeldin A,4,3.97,0.38,0.85,0.19,3.124,0.904,0.213,0.041,14.17,11.58
O,None,Parental,1st,7.5uM Tunicamycin,4,4.41,0.44,0.87,0.22,3.540,1.092,0.197,0.041,13.40,11.56
M,Empty,-6161,2nd,20mM Sodium Butyrate,4,1.53,0.08,0.88,0.02,0.649,0.077,0.576,0.029,14.69,11.02
M,Empty,-6161,1st,7.5um Brefeldin A,4,3.63,0.39,0.91,0.19,2.724,0.824,0.250,0.049,14.32,12.04
Q,Bok-,-5740,2nd,7.5um Brefeldin A,4,3.75,0.38,0.93,0.19,2.820,0.806,0.248,0.046,14.23,11.96
C,"Bak-,Bax-,Bok-",-6077,2nd,20mM Sodium Butyrate,4,0.97,0.04,0.95,0.04,0.018,0.006,0.982,0.006,14.17,13.78
L,Empty,-5703,2nd,7.5um Brefeldin A,4,3.62,0.34,0.99,0.19,2.632,0.672,0.273,0.044,14.80,12.09
L,Empty,-5703,1st,7.5um Brefeldin A,4,3.72,0.38,1.03,0.23,2.691,0.717,0.277,0.045,14.51,12.18
S,Bok-,-6311,1st,7.5uM Tunicamycin,4,3.99,0.41,1.03,0.22,2.963,0.807,0.257,0.044,13.96,11.16
O,None,Parental,2nd,7.5uM Tunicamycin,4,4.04,0.36,1.05,0.21,2.992,0.801,0.259,0.046,13.74,11.52
P,"Bak-,Bax-",-6134,2nd,15ug/mL Puromycin,4,3.09,0.20,1.05,0.09,2.038,0.177,0.341,0.028,12.63,11.66
G,"Bak-,Bok-",-6076,1st,20mM Sodium Butyrate,4,1.66,0.03,1.12,0.06,0.536,0.057,0.677,0.033,15.27,12.06
Q,Bok-,-5740,1st,7.5uM Tunicamycin,4,3.97,0.37,1.17,0.22,2.804,0.710,0.294,0.047,14.61,11.79
M,Empty,-6161,1st,20mM Sodium Butyrate,4,1.87,0.05,1.21,0.09,0.660,0.096,0.646,0.047,14.27,11.46
D,"Bak-,Bax-,Bok-",-6101,2nd,15ug/mL Puromycin,4,3.25,0.26,1.22,0.11,2.033,0.160,0.375,0.006,12.73,11.76
S,Bok-,-6311,2nd,7.5uM Tunicamycin,4,3.84,0.34,1.23,0.22,2.610,0.629,0.320,0.049,14.20,11.12
Q,Bok-,-5740,2nd,7.5uM Tunicamycin,4,3.88,0.40,1.29,0.24,2.592,0.631,0.332,0.047,14.53,11.63
B,"Bak-,Bax-",-6145,2nd,15ug/mL Puromycin,4,3.33,0.26,1.42,0.10,1.918,0.219,0.425,0.031,11.97,11.94
D,"Bak-,Bax-,Bok-",-6101,1st,15ug/mL Puromycin,4,2.91,0.08,1.44,0.01,1.470,0.070,0.496,0.013,13.76,12.45
E,"Bak-,Bax-,Bok-",-6128,2nd,20mM Sodium Butyrate,4,1.63,0.06,1.59,0.04,0.035,0.012,0.980,0.009,14.78,15.17
B,"Bak-,Bax-",-6145,1st,15ug/mL Puromycin,4,3.21,0.12,1.70,0.12,1.500,0.020,0.531,0.018,12.99,12.32
E,"Bak-,Bax-,Bok-",-6128,1st,15ug/mL Puromycin,4,2.73,0.21,1.76,0.06,0.968,0.152,0.644,0.028,12.98,12.61
E,"Bak-,Bax-,Bok-",-6128,1st,20mM Sodium Butyrate,4,1.93,0.22,1.89,0.21,0.046,0.042,0.977,0.021,15.35,13.58
E,"Bak-,Bax-,Bok-",-6128,2nd,15ug/mL Puromycin,4,3.14,0.31,2.09,0.18,1.048,0.125,0.665,0.011,13.11,12.50
A,"Bak-,Bax-",-6068,2nd,15ug/mL Puromycin,4,3.02,0.18,2.28,0.16,0.300,0.391,0.754,0.019,13.94,11.96
C,"Bak-,Bax-,Bok-",-6077,2nd,15ug/mL Puromycin,4,3.26,0.22,2.53,0.20,0.725,0.039,0.778,0.011,12.83,11.95
A,"Bak-,Bax-",-6068,2nd,20mM Sodium Butyrate,4,2.54,0.16,2.53,0.17,0.012,0.006,0.996,0.004,15.28,11.84
A,"Bak-,Bax-",-6068,1st,15ug/mL Puromycin,4,3.53,0.10,2.55,0.04,0.982,0.050,0.722,0.007,14.30,12.69
C,"Bak-,Bax-,Bok-",-6077,1st,15ug/mL Puromycin,4,3.46,0.06,2.78,0.10,0.675,0.042,0.805,0.016,13.42,12.54
A,"Bak-,Bax-",-6068,1st,20mM Sodium Butyrate,4,2.97,0.17,2.92,0.17,0.051,0.018,0.983,0.006,15.33,10.88
P,"Bak-,Bax-",-6134,2nd,7.5um Brefeldin A,4,3.39,0.35,3.25,0.34,0.138,0.017,0.959,0.024,15.60,14.14
B,"Bak-,Bax-",-6145,2nd,7.5um Brefeldin A,4,3.57,0.38,3.43,0.39,0.133,0.017,0.963,0.022,15.77,13.90
D,"Bak-,Bax-,Bok-",-6101,2nd,7.5um Brefeldin A,4,3.58,0.39,3.44,0.38,0.135,0.017,0.962,0.020,15.99,14.16
D,"Bak-,Bax-,Bok-",-6101,1st,7.5um Brefeldin A,4,3.59,0.34,3.46,0.34,0.137,0.017,0.962,0.023,16.00,12.52
P,"Bak-,Bax-",-6134,1st,7.5um Brefeldin A,4,3.65,0.45,3.47,0.43,0.177,0.027,0.952,0.026,15.41,14.46
C,"Bak-,Bax-,Bok-",-6077,1st,7.5um Brefeldin A,4,3.58,0.39,3.50,0.39,0.081,0.010,0.978,0.017,15.35,12.58
B,"Bak-,Bax-",-6145,1st,7.5um Brefeldin A,4,3.64,0.43,3.51,0.42,0.132,0.018,0.964,0.019,15.86,13.09
P,"Bak-,Bax-",-6134,1st,7.5uM Tunicamycin,4,3.70,0.41,3.57,0.41,0.127,0.017,0.966,0.022,16.35,13.54
C,"Bak-,Bax-,Bok-",-6077,2nd,7.5uM Tunicamycin,4,3.72,0.34,3.65,0.32,0.073,0.008,0.980,0.015,15.77,11.51
B,"Bak-,Bax-",-6145,2nd,7.5uM Tunicamycin,4,3.79,0.40,3.69,0.39,0.094,0.012,0.975,0.016,15.99,14.13
E,"Bak-,Bax-,Bok-",-6128,1st,7.5um Brefeldin A,4,3.85,0.38,3.71,0.38,0.140,0.017,0.964,0.021,14.86,12.10
E,"Bak-,Bax-,Bok-",-6128,1st,7.5uM Tunicamycin,4,3.79,0.35,3.73,0.36,0.067,0.007,0.982,0.016,16.06,12.17
A,"Bak-,Bax-",-6068,1st,7.5um Brefeldin A,4,3.86,0.37,3.74,0.37,0.120,0.014,0.969,0.018,15.07,12.85
B,"Bak-,Bax-",-6145,1st,7.5uM Tunicamycin,4,3.84,0.32,3.76,0.32,0.083,0.008,0.979,0.015,16.43,13.59
P,"Bak-,Bax-",-6134,2nd,7.5uM Tunicamycin,4,3.94,0.38,3.81,0.37,0.127,0.015,0.968,0.019,15.75,13.96
D,"Bak-,Bax-,Bok-",-6101,2nd,7.5uM Tunicamycin,4,3.98,0.39,3.84,0.37,0.142,0.017,0.964,0.020,16.07,13.00
D,"Bak-,Bax-,Bok-",-6101,1st,7.5uM Tunicamycin,4,3.98,0.46,3.87,0.47,0.113,0.016,0.972,0.021,16.56,13.30
A,"Bak-,Bax-",-6068,2nd,7.5um Brefeldin A,4,4.02,0.37,3.91,0.36,0.109,0.012,0.973,0.017,14.91,12.89
A,"Bak-,Bax-",-6068,2nd,7.5uM Tunicamycin,4,4.07,0.41,3.96,0.41,0.112,0.013,0.973,0.016,15.81,11.95
E,"Bak-,Bax-,Bok-",-6128,2nd,7.5um Brefeldin A,4,4.17,0.43,4.01,0.41,0.159,0.020,0.962,0.023,14.64,12.38
A,"Bak-,Bax-",-6068,1st,7.5uM Tunicamycin,4,4.12,0.35,4.02,0.34,0.098,0.010,0.976,0.016,16.04,12.63
E,"Bak-,Bax-,Bok-",-6128,2nd,7.5uM Tunicamycin,4,4.13,0.39,4.04,0.38,0.092,0.010,0.978,0.014,15.71,12.66
C,"Bak-,Bax-,Bok-",-6077,1st,7.5uM Tunicamycin,4,4.19,0.34,4.12,0.34,0.070,0.007,0.983,0.013,16.10,11.91
C,"Bak-,Bax-,Bok-",-6077,2nd,7.5um Brefeldin A,4,4.27,0.39,4.16,0.39,0.105,0.011,0.976,0.015,15.20,13.53
P,"Bak-,Bax-",-6134,1st,15ug/mL Puromycin,5,2.54,0.30,0.32,0.07,2.273,0.182,0.104,0.072,12.84,12.05
N,Empty,-6251,1st,7.5um Brefeldin A,5,3.55,0.35,0.32,0.11,3.227,1.435,0.091,0.032,11.00,11.68
N,Empty,-6251,2nd,20mM Sodium Butyrate,5,2.12,0.06,0.39,0.06,1.737,0.112,0.182,0.033,14.23,10.87
C,"Bak-,Bax-,Bok-",-6077,2nd,20mM Sodium Butyrate,5,0.46,0.06,0.44,0.06,0.018,0.013,0.961,0.025,14.14,63.36
M,Empty,-6161,1st,20mM Sodium Butyrate,5,1.30,0.13,0.47,0.05,0.833,0.087,0.361,0.008,13.82,11.48
L,Empty,-5703,2nd,7.5uM Tunicamycin,5,4.18,0.45,0.50,0.17,3.682,1.496,0.119,0.036,13.03,11.18
P,"Bak-,Bax-",-6134,2nd,20mM Sodium Butyrate,5,0.79,0.06,0.51,0.02,0.283,0.063,0.642,0.059,14.06,13.39
O,None,Parental,1st,7.5uM Tunicamycin,5,4.32,0.39,0.51,0.15,3.813,1.411,0.117,0.033,13.26,11.30
S,Bok-,-6311,1st,7.5uM Tunicamycin,5,4.04,0.35,0.51,0.13,3.535,1.193,0.125,0.031,13.58,11.09
P,"Bak-,Bax-",-6134,2nd,15ug/mL Puromycin,5,2.90,0.03,0.61,0.08,2.297,0.078,0.209,0.027,13.63,12.35
O,None,Parental,2nd,7.5uM Tunicamycin,5,3.99,0.40,0.61,0.17,3.383,1.192,0.152,0.038,13.29,11.24
L,Empty,-5703,2nd,7.5um Brefeldin A,5,3.73,0.37,0.62,0.15,3.111,0.972,0.166,0.036,14.53,11.99
D,"Bak-,Bax-,Bok-",-6101,1st,15ug/mL Puromycin,5,2.75,0.29,0.63,0.14,2.123,0.268,0.228,0.046,13.10,11.64
D,"Bak-,Bax-,Bok-",-6101,2nd,15ug/mL Puromycin,5,3.37,0.27,0.63,0.05,2.738,0.238,0.188,0.011,12.82,11.57
G,"Bak-,Bok-",-6076,1st,20mM Sodium Butyrate,5,1.36,0.03,0.65,0.03,0.714,0.050,0.476,0.027,14.70,11.25
B,"Bak-,Bax-",-6145,2nd,15ug/mL Puromycin,5,3.21,0.38,0.66,0.05,2.550,0.414,0.206,0.036,11.78,11.14
Q,Bok-,-5740,1st,7.5um Brefeldin A,5,3.80,0.39,0.66,0.17,3.140,1.029,0.174,0.039,13.84,11.58
S,Bok-,-6311,2nd,7.5uM Tunicamycin,5,3.86,0.38,0.69,0.20,3.170,1.128,0.179,0.046,13.81,11.02
B,"Bak-,Bax-",-6145,1st,15ug/mL Puromycin,5,3.03,0.22,0.70,0.10,2.337,0.157,0.229,0.022,12.20,11.44
Q,Bok-,-5740,2nd,7.5um Brefeldin A,5,3.70,0.37,0.71,0.17,2.991,0.935,0.192,0.041,14.10,11.77
L,Empty,-5703,1st,7.5um Brefeldin A,5,3.89,0.38,0.72,0.17,3.174,1.015,0.184,0.041,14.23,12.07
M,Empty,-6161,2nd,20mM Sodium Butyrate,5,1.51,0.12,0.73,0.12,0.776,0.049,0.484,0.052,14.93,11.66
M,Empty,-6161,1st,7.5um Brefeldin A,5,3.70,0.38,0.73,0.14,2.969,0.916,0.198,0.041,14.33,11.82
M,Empty,-6161,2nd,7.5um Brefeldin A,5,4.16,0.36,0.74,0.18,3.420,1.060,0.178,0.040,14.24,11.50
Q,Bok-,-5740,2nd,7.5uM Tunicamycin,5,3.72,0.32,0.75,0.19,2.972,0.984,0.201,0.049,14.55,11.46
Q,Bok-,-5740,1st,7.5uM Tunicamycin,5,4.08,0.44,0.76,0.19,3.324,1.151,0.185,0.044,14.95,11.62
E,"Bak-,Bax-,Bok-",-6128,1st,15ug/mL Puromycin,5,2.70,0.20,1.04,0.03,1.667,0.219,0.383,0.038,11.78,11.29
E,"Bak-,Bax-,Bok-",-6128,2nd,20mM Sodium Butyrate,5,1.28,0.08,1.23,0.05,0.047,0.033,0.961,0.025,14.94,12.79
E,"Bak-,Bax-,Bok-",-6128,2nd,15ug/mL Puromycin,5,3.13,0.31,1.29,0.17,1.838,0.155,0.413,0.015,11.68,11.02
A,"Bak-,Bax-",-6068,1st,15ug/mL Puromycin,5,3.18,0.22,1.40,0.04,1.780,0.225,0.441,0.032,12.70,11.94
A,"Bak-,Bax-",-6068,2nd,15ug/mL Puromycin,5,2.97,0.24,1.41,0.09,1.550,0.167,0.476,0.017,12.53,11.41
C,"Bak-,Bax-,Bok-",-6077,2nd,15ug/mL Puromycin,5,3.35,0.32,1.47,0.12,1.880,0.242,0.439,0.027,12.01,11.67
E,"Bak-,Bax-,Bok-",-6128,1st,20mM Sodium Butyrate,5,1.55,0.07,1.52,0.07,0.031,0.003,0.978,0.003,15.29,11.75
C,"Bak-,Bax-,Bok-",-6077,1st,15ug/mL Puromycin,5,3.34,0.20,1.56,0.16,1.777,0.032,0.468,0.023,12.24,11.68
A,"Bak-,Bax-",-6068,2nd,20mM Sodium Butyrate,5,1.68,0.09,1.66,0.09,0.021,0.014,0.986,0.007,15.35,13.55
A,"Bak-,Bax-",-6068,1st,20mM Sodium Butyrate,5,2.31,0.19,2.27,0.18,0.033,0.012,0.984,0.004,15.02,11.35
P,"Bak-,Bax-",-6134,2nd,7.5um Brefeldin A,5,3.30,0.38,3.00,0.34,0.306,0.049,0.907,0.040,15.90,13.88
P,"Bak-,Bax-",-6134,1st,7.5um Brefeldin A,5,3.56,0.39,3.13,0.38,0.428,0.068,0.880,0.044,15.72,14.39
D,"Bak-,Bax-,Bok-",-6101,1st,7.5um Brefeldin A,5,3.62,0.36,3.30,0.33,0.320,0.043,0.912,0.031,16.09,13.94
D,"Bak-,Bax-,Bok-",-6101,2nd,7.5um Brefeldin A,5,3.69,0.37,3.30,0.36,0.392,0.054,0.894,0.035,15.91,13.84
B,"Bak-,Bax-",-6145,1st,7.5um Brefeldin A,5,3.65,0.44,3.36,0.41,0.291,0.046,0.920,0.034,16.09,13.91
B,"Bak-,Bax-",-6145,2nd,7.5um Brefeldin A,5,3.71,0.38,3.40,0.36,0.312,0.043,0.916,0.032,15.93,13.92
C,"Bak-,Bax-,Bok-",-6077,1st,7.5um Brefeldin A,5,3.63,0.42,3.45,0.39,0.178,0.026,0.951,0.030,15.62,13.13
P,"Bak-,Bax-",-6134,1st,7.5uM Tunicamycin,5,3.87,0.38,3.64,0.37,0.227,0.028,0.941,0.026,16.34,13.82
P,"Bak-,Bax-",-6134,2nd,7.5uM Tunicamycin,5,3.85,0.36,3.66,0.34,0.192,0.024,0.950,0.028,15.97,13.39
B,"Bak-,Bax-",-6145,1st,7.5uM Tunicamycin,5,3.88,0.39,3.69,0.39,0.194,0.025,0.950,0.026,16.47,13.90
A,"Bak-,Bax-",-6068,1st,7.5um Brefeldin A,5,3.93,0.43,3.70,0.39,0.230,0.032,0.941,0.029,15.24,12.66
D,"Bak-,Bax-,Bok-",-6101,2nd,7.5uM Tunicamycin,5,3.99,0.43,3.73,0.40,0.262,0.035,0.934,0.025,16.13,14.32
C,"Bak-,Bax-,Bok-",-6077,2nd,7.5uM Tunicamycin,5,3.89,0.36,3.75,0.35,0.135,0.015,0.965,0.019,16.03,14.90
D,"Bak-,Bax-,Bok-",-6101,1st,7.5uM Tunicamycin,5,4.04,0.41,3.78,0.37,0.268,0.035,0.934,0.029,16.51,13.91
E,"Bak-,Bax-,Bok-",-6128,1st,7.5uM Tunicamycin,5,3.93,0.39,3.79,0.38,0.140,0.017,0.964,0.019,16.08,13.52
E,"Bak-,Bax-,Bok-",-6128,1st,7.5um Brefeldin A,5,4.07,0.39,3.80,0.38,0.266,0.032,0.935,0.025,14.93,13.18
E,"Bak-,Bax-,Bok-",-6128,2nd,7.5uM Tunicamycin,5,3.98,0.38,3.81,0.35,0.172,0.020,0.957,0.022,15.83,13.37
A,"Bak-,Bax-",-6068,2nd,7.5uM Tunicamycin,5,4.02,0.42,3.82,0.40,0.197,0.025,0.951,0.023,15.87,13.26
B,"Bak-,Bax-",-6145,2nd,7.5uM Tunicamycin,5,4.07,0.44,3.88,0.43,0.188,0.025,0.954,0.022,16.07,14.51
E,"Bak-,Bax-,Bok-",-6128,2nd,7.5um Brefeldin A,5,4.20,0.39,3.90,0.37,0.300,0.039,0.929,0.035,14.71,12.04
A,"Bak-,Bax-",-6068,2nd,7.5um Brefeldin A,5,4.19,0.47,3.97,0.46,0.228,0.033,0.946,0.030,15.25,12.17
A,"Bak-,Bax-",-6068,1st,7.5uM Tunicamycin,5,4.17,0.36,3.98,0.36,0.195,0.021,0.953,0.021,16.04,12.62
C,"Bak-,Bax-,Bok-",-6077,2nd,7.5um Brefeldin A,5,4.33,0.38,4.05,0.38,0.279,0.034,0.936,0.031,15.42,13.00
C,"Bak-,Bax-,Bok-",-6077,1st,7.5uM Tunicamycin,5,4.44,0.38,4.30,0.38,0.136,0.014,0.969,0.017,16.16,13.99
E,"Bak-,Bax-,Bok-",-6128,1st,15ug/mL Puromycin,6,2.57,0.17,0.52,0.02,2.053,0.163,0.201,0.009,12.74,12.09
Q,Bok-,-5740,1st,7.5uM Tunicamycin,6,4.15,3.97,0.62,1.17,3.535,10.384,0.148,0.294,15.17,11.46
E,"Bak-,Bax-,Bok-",-6128,2nd,15ug/mL Puromycin,6,2.82,0.31,0.65,0.08,2.173,0.227,0.231,0.005,11.67,11.03
E,"Bak-,Bax-,Bok-",-6128,2nd,20mM Sodium Butyrate,6,0.72,0.03,0.67,0.03,0.049,0.007,0.932,0.012,14.44,14.24
A,"Bak-,Bax-",-6068,2nd,15ug/mL Puromycin,6,2.77,0.34,0.68,0.08,2.095,0.266,0.245,0.012,11.64,11.02
C,"Bak-,Bax-,Bok-",-6077,1st,15ug/mL Puromycin,6,3.23,0.12,0.82,0.12,2.413,0.203,0.253,0.043,12.44,11.77
C,"Bak-,Bax-,Bok-",-6077,2nd,15ug/mL Puromycin,6,3.33,0.15,0.84,0.13,2.490,0.069,0.251,0.030,12.87,11.48
A,"Bak-,Bax-",-6068,1st,15ug/mL Puromycin,6,3.20,0.13,0.89,0.10,2.305,0.163,0.280,0.033,13.14,12.12
A,"Bak-,Bax-",-6068,2nd,20mM Sodium Butyrate,6,1.20,0.09,1.13,0.06,0.065,0.026,0.942,0.017,14.95,14.21
P,"Bak-,Bax-",-6134,2nd,7.5um Brefeldin A,6,3.11,0.43,2.57,0.35,0.534,0.113,0.828,0.061,16.05,14.30
P,"Bak-,Bax-",-6134,1st,7.5um Brefeldin A,6,3.33,0.44,2.65,0.38,0.677,0.133,0.797,0.052,15.79,14.00
D,"Bak-,Bax-,Bok-",-6101,1st,7.5um Brefeldin A,6,3.43,0.36,2.84,0.36,0.586,0.098,0.829,0.052,16.11,14.34
D,"Bak-,Bax-,Bok-",-6101,2nd,7.5um Brefeldin A,6,3.53,0.37,2.84,0.32,0.688,0.117,0.805,0.051,16.06,14.30
B,"Bak-,Bax-",-6145,1st,7.5um Brefeldin A,6,3.56,0.35,2.91,0.31,0.644,0.098,0.819,0.045,16.12,14.50
B,"Bak-,Bax-",-6145,2nd,7.5um Brefeldin A,6,3.51,0.38,2.93,0.35,0.580,0.094,0.835,0.046,16.14,14.15
C,"Bak-,Bax-,Bok-",-6077,1st,7.5um Brefeldin A,6,3.60,0.40,3.24,0.37,0.356,0.054,0.901,0.036,15.82,13.25
C,"Bak-,Bax-,Bok-",-6077,2nd,7.5um Brefeldin A,6,3.98,0.37,3.47,0.37,0.507,0.071,0.873,0.042,15.69,12.81
D,"Bak-,Bax-,Bok-",-6101,1st,7.5uM Tunicamycin,6,4.09,0.41,3.51,0.36,0.581,0.089,0.858,0.045,16.46,14.81
P,"Bak-,Bax-",-6134,2nd,7.5uM Tunicamycin,6,3.86,0.34,3.51,0.32,0.349,0.044,0.910,0.034,16.06,14.32
E,"Bak-,Bax-,Bok-",-6128,2nd,7.5uM Tunicamycin,6,3.88,0.36,3.52,0.33,0.362,0.046,0.907,0.030,15.95,14.58
A,"Bak-,Bax-",-6068,2nd,7.5uM Tunicamycin,6,3.89,0.38,3.53,0.36,0.358,0.050,0.908,0.038,15.99,14.11
B,"Bak-,Bax-",-6145,1st,7.5uM Tunicamycin,6,3.96,0.43,3.53,0.37,0.434,0.070,0.891,0.046,16.50,14.90
C,"Bak-,Bax-,Bok-",-6077,2nd,7.5uM Tunicamycin,6,3.84,0.41,3.53,0.37,0.305,0.044,0.921,0.036,16.18,14.56
E,"Bak-,Bax-,Bok-",-6128,2nd,7.5um Brefeldin A,6,4.03,0.39,3.54,0.35,0.490,0.067,0.878,0.034,14.81,12.92
B,"Bak-,Bax-",-6145,2nd,7.5uM Tunicamycin,6,3.88,0.38,3.55,0.38,0.328,0.045,0.916,0.035,16.19,14.99
D,"Bak-,Bax-,Bok-",-6101,2nd,7.5uM Tunicamycin,6,3.98,0.42,3.58,0.39,0.400,0.059,0.900,0.039,16.20,14.51
E,"Bak-,Bax-,Bok-",-6128,1st,7.5um Brefeldin A,6,4.08,0.40,3.61,0.40,0.469,0.066,0.885,0.036,14.87,12.90
P,"Bak-,Bax-",-6134,1st,7.5uM Tunicamycin,6,4.06,0.41,3.63,0.41,0.424,0.063,0.896,0.042,16.33,15.03
A,"Bak-,Bax-",-6068,1st,7.5uM Tunicamycin,6,4.10,0.43,3.75,0.41,0.354,0.048,0.914,0.027,16.06,13.90
E,"Bak-,Bax-,Bok-",-6128,1st,7.5uM Tunicamycin,6,3.98,0.40,3.75,0.39,0.231,0.029,0.942,0.026,16.15,14.19
A,"Bak-,Bax-",-6068,1st,7.5um Brefeldin A,6,4.20,0.37,3.76,0.38,0.442,0.057,0.895,0.036,15.36,12.81
A,"Bak-,Bax-",-6068,2nd,7.5um Brefeldin A,6,4.24,0.44,3.82,0.41,0.418,0.061,0.901,0.038,15.43,12.95
C,"Bak-,Bax-,Bok-",-6077,1st,7.5uM Tunicamycin,6,4.35,0.35,4.13,0.32,0.218,0.022,0.950,0.021,16.13,14.69
P,"Bak-,Bax-",-6134,2nd,7.5um Brefeldin A,7,2.76,0.32,2.00,0.26,0.759,0.157,0.725,0.066,15.98,14.12
P,"Bak-,Bax-",-6134,1st,7.5um Brefeldin A,7,3.00,0.38,2.22,0.32,0.778,0.163,0.741,0.061,16.03,13.95
B,"Bak-,Bax-",-6145,1st,7.5um Brefeldin A,7,3.07,0.38,2.32,0.35,0.754,0.157,0.755,0.063,16.24,14.25
D,"Bak-,Bax-,Bok-",-6101,2nd,7.5um Brefeldin A,7,3.20,0.38,2.33,0.33,0.874,0.181,0.727,0.064,16.10,13.87
D,"Bak-,Bax-,Bok-",-6101,1st,7.5um Brefeldin A,7,3.15,0.36,2.39,0.30,0.761,0.141,0.759,0.053,16.15,13.82
B,"Bak-,Bax-",-6145,2nd,7.5um Brefeldin A,7,3.34,0.36,2.44,0.33,0.898,0.170,0.731,0.059,16.18,14.09
D,"Bak-,Bax-,Bok-",-6101,1st,7.5uM Tunicamycin,7,3.69,0.38,2.90,0.34,0.792,0.132,0.785,0.051,16.42,14.84
C,"Bak-,Bax-,Bok-",-6077,1st,7.5um Brefeldin A,7,3.61,0.40,2.93,0.37,0.683,0.119,0.811,0.050,15.93,13.37
C,"Bak-,Bax-,Bok-",-6077,2nd,7.5um Brefeldin A,7,3.81,0.40,3.09,0.35,0.721,0.117,0.811,0.047,15.94,13.06
D,"Bak-,Bax-,Bok-",-6101,2nd,7.5uM Tunicamycin,7,3.69,0.38,3.10,0.33,0.587,0.096,0.841,0.051,16.24,14.37
A,"Bak-,Bax-",-6068,1st,7.5um Brefeldin A,7,3.76,0.29,3.13,0.26,0.630,0.084,0.833,0.046,15.48,13.10
P,"Bak-,Bax-",-6134,1st,7.5uM Tunicamycin,7,3.69,0.34,3.15,0.31,0.540,0.076,0.854,0.042,16.35,14.99
B,"Bak-,Bax-",-6145,2nd,7.5uM Tunicamycin,7,3.67,0.37,3.16,0.35,0.504,0.074,0.863,0.041,16.35,15.37
B,"Bak-,Bax-",-6145,1st,7.5uM Tunicamycin,7,3.73,0.36,3.21,0.36,0.523,0.076,0.860,0.042,16.66,15.29
A,"Bak-,Bax-",-6068,2nd,7.5uM Tunicamycin,7,3.78,0.42,3.28,0.39,0.501,0.078,0.868,0.039,16.16,14.02
E,"Bak-,Bax-,Bok-",-6128,2nd,7.5um Brefeldin A,7,4.05,0.36,3.30,0.33,0.750,0.110,0.815,0.048,14.98,12.82
P,"Bak-,Bax-",-6134,2nd,7.5uM Tunicamycin,7,3.83,0.45,3.30,0.43,0.528,0.094,0.862,0.051,16.16,14.62
E,"Bak-,Bax-,Bok-",-6128,1st,7.5um Brefeldin A,7,4.13,0.44,3.35,0.40,0.776,0.129,0.812,0.049,15.02,13.07
C,"Bak-,Bax-,Bok-",-6077,2nd,7.5uM Tunicamycin,7,3.77,0.39,3.35,0.37,0.420,0.062,0.889,0.040,16.33,14.80
E,"Bak-,Bax-,Bok-",-6128,1st,7.5uM Tunicamycin,7,3.98,0.36,3.41,0.32,0.569,0.079,0.857,0.042,16.30,14.65
E,"Bak-,Bax-,Bok-",-6128,2nd,7.5uM Tunicamycin,7,3.93,0.32,3.47,0.31,0.462,0.059,0.882,0.041,16.16,13.79
A,"Bak-,Bax-",-6068,2nd,7.5um Brefeldin A,7,4.13,0.42,3.50,0.40,0.627,0.091,0.848,0.037,15.60,13.25
A,"Bak-,Bax-",-6068,1st,7.5uM Tunicamycin,7,4.10,0.42,3.51,0.39,0.592,0.087,0.856,0.039,16.19,14.00
C,"Bak-,Bax-,Bok-",-6077,1st,7.5uM Tunicamycin,7,4.26,0.38,3.84,0.36,0.421,0.054,0.901,0.035,16.20,14.73
B,"Bak-,Bax-",-6145,1st,7.5um Brefeldin A,8,2.72,0.38,1.81,0.32,0.910,0.220,0.666,0.067,16.17,14.29
D,"Bak-,Bax-,Bok-",-6101,2nd,7.5um Brefeldin A,8,2.85,0.34,1.86,0.25,0.987,0.219,0.654,0.066,15.91,13.80
D,"Bak-,Bax-,Bok-",-6101,1st,7.5um Brefeldin A,8,2.83,0.36,1.87,0.29,0.964,0.224,0.659,0.068,16.06,13.61
P,"Bak-,Bax-",-6134,2nd,7.5um Brefeldin A,8,2.69,0.37,1.90,0.30,0.790,0.181,0.706,0.063,15.81,13.63
B,"Bak-,Bax-",-6145,2nd,7.5um Brefeldin A,8,2.94,0.35,1.94,0.29,0.998,0.220,0.661,0.067,16.27,14.21
P,"Bak-,Bax-",-6134,1st,7.5um Brefeldin A,8,2.97,0.38,2.03,0.24,0.945,0.199,0.682,0.057,16.15,13.74
C,"Bak-,Bax-,Bok-",-6077,1st,7.5um Brefeldin A,8,3.13,0.43,2.26,0.32,0.867,0.190,0.723,0.060,16.08,13.65
D,"Bak-,Bax-,Bok-",-6101,1st,7.5uM Tunicamycin,8,3.29,0.47,2.29,0.35,1.002,0.234,0.695,0.064,16.29,14.87
B,"Bak-,Bax-",-6145,1st,7.5uM Tunicamycin,8,3.14,0.37,2.51,0.33,0.624,0.113,0.801,0.050,16.64,15.85
E,"Bak-,Bax-,Bok-",-6128,1st,7.5uM Tunicamycin,8,3.37,0.39,2.60,0.35,0.770,0.146,0.772,0.058,16.16,14.67
P,"Bak-,Bax-",-6134,1st,7.5uM Tunicamycin,8,3.38,0.35,2.65,0.36,0.730,0.136,0.784,0.064,16.17,14.83
A,"Bak-,Bax-",-6068,1st,7.5um Brefeldin A,8,3.56,0.41,2.67,0.35,0.895,0.165,0.749,0.053,15.71,13.39
E,"Bak-,Bax-,Bok-",-6128,1st,7.5um Brefeldin A,8,3.56,0.38,2.67,0.34,0.890,0.161,0.750,0.055,15.13,13.05
A,"Bak-,Bax-",-6068,2nd,7.5uM Tunicamycin,8,3.56,0.36,2.72,0.34,0.841,0.144,0.764,0.052,16.17,13.95
D,"Bak-,Bax-,Bok-",-6101,2nd,7.5uM Tunicamycin,8,3.53,0.43,2.73,0.35,0.800,0.147,0.773,0.048,16.22,14.67
C,"Bak-,Bax-,Bok-",-6077,2nd,7.5um Brefeldin A,8,3.65,0.42,2.80,0.33,0.850,0.147,0.767,0.045,16.01,13.14
B,"Bak-,Bax-",-6145,2nd,7.5uM Tunicamycin,8,3.57,0.38,2.82,0.35,0.754,0.140,0.789,0.063,16.53,14.97
A,"Bak-,Bax-",-6068,1st,7.5uM Tunicamycin,8,3.67,0.39,2.87,0.34,0.796,0.136,0.783,0.051,16.35,14.46
E,"Bak-,Bax-,Bok-",-6128,2nd,7.5um Brefeldin A,8,3.85,0.36,2.89,0.30,0.957,0.146,0.752,0.045,15.10,12.90
P,"Bak-,Bax-",-6134,2nd,7.5uM Tunicamycin,8,3.65,0.40,2.93,0.34,0.727,0.128,0.801,0.053,16.13,14.46
C,"Bak-,Bax-,Bok-",-6077,2nd,7.5uM Tunicamycin,8,3.58,0.37,2.95,0.32,0.626,0.100,0.825,0.047,16.22,14.33
E,"Bak-,Bax-,Bok-",-6128,2nd,7.5uM Tunicamycin,8,3.73,0.42,3.01,0.36,0.715,0.128,0.808,0.054,16.29,14.20
A,"Bak-,Bax-",-6068,2nd,7.5um Brefeldin A,8,3.99,0.34,3.09,0.29,0.899,0.129,0.775,0.045,15.78,13.40
C,"Bak-,Bax-,Bok-",-6077,1st,7.5uM Tunicamycin,8,4.03,0.47,3.33,0.41,0.697,0.114,0.827,0.039,16.10,14.79
